models,n_models,precision,recall,f1,accuracy,tp,fp,tn,fn
gru+lgbm,2,0.6375,0.031481,0.06,0.485346,51,29,1456,1569
gru+rf+tcn,3,0.631222,0.172222,0.270611,0.51562,279,163,1322,1341
gru+lgbm+tcn,3,0.630435,0.035802,0.067757,0.48599,58,34,1451,1562
gru+rf,2,0.62877,0.167284,0.264261,0.51401,271,160,1325,1349
catboost+gru+lgbm+tcn,4,0.625,0.098765,0.170576,0.498873,160,96,1389,1460
catboost+gru+lgbm+lstm,4,0.624464,0.17963,0.279003,0.51562,291,175,1310,1329
catboost+gru+lgbm+lstm+tcn,5,0.62395,0.183333,0.283397,0.516264,297,179,1306,1323
catboost+gru+rf,3,0.619863,0.223457,0.328494,0.523349,362,222,1263,1258
catboost+gru+lgbm,3,0.619433,0.094444,0.163899,0.497262,153,94,1391,1467
gru+lgbm+rf,3,0.619342,0.185802,0.28585,0.51562,301,185,1300,1319
gru+lgbm+lstm,3,0.618384,0.137037,0.224356,0.505636,222,137,1348,1398
gru+lstm,2,0.617544,0.108642,0.184777,0.499839,176,109,1376,1444
catboost+gru+rf+tcn,4,0.61745,0.22716,0.33213,0.523349,368,228,1257,1252
catboost+gru+lstm+tcn,4,0.617284,0.154321,0.246914,0.508857,250,155,1330,1370
gru+lgbm+rf+tcn+cnn_lstm,5,0.616788,0.208642,0.311808,0.519485,338,210,1275,1282
gru+rf+cnn_lstm,3,0.616183,0.183333,0.282588,0.514332,297,185,1300,1323
gru+xgb+cnn_lstm,3,0.616016,0.185185,0.284765,0.514654,300,187,1298,1320
gru+lgbm+lstm+tcn,4,0.615385,0.138272,0.225806,0.505314,224,140,1345,1396
gru+rf+tcn+cnn_lstm,4,0.61523,0.189506,0.289759,0.515298,307,192,1293,1313
gru+lgbm+lstm+rf+cnn_lstm,5,0.614897,0.239506,0.344736,0.52496,388,243,1242,1232
catboost+gru+lgbm+rf+cnn_lstm,5,0.614792,0.246296,0.351697,0.526248,399,250,1235,1221
catboost+gru+lstm+rf+tcn,5,0.614221,0.250617,0.355984,0.526892,406,255,1230,1214
gru+lgbm+rf+tcn,4,0.613682,0.188272,0.288144,0.514654,305,192,1293,1315
gru+lgbm+rf+cnn_lstm,4,0.613636,0.2,0.301676,0.516908,324,204,1281,1296
catboost+gru+lgbm+lstm+rf+tcn,6,0.613433,0.253704,0.358952,0.527214,411,259,1226,1209
catboost+gru+lstm+rf,4,0.612903,0.246296,0.351387,0.525604,399,252,1233,1221
catboost+gru+lstm,3,0.612658,0.149383,0.240199,0.506924,242,153,1332,1378
gru+lgbm+lstm+rf+tcn+cnn_lstm,6,0.6125,0.241975,0.346903,0.524638,392,248,1237,1228
catboost+gru+lgbm+rf+tcn+cnn_lstm,6,0.612462,0.248765,0.353819,0.525926,403,255,1230,1217
gru+xgb,2,0.611872,0.165432,0.260447,0.509823,268,170,1315,1352
catboost+gru+lgbm+lstm+rf+cnn_lstm,6,0.611189,0.269753,0.374304,0.529469,437,278,1207,1183
catboost+gru+lstm+rf+cnn_lstm,5,0.610719,0.267284,0.371833,0.528824,433,276,1209,1187
catboost+gru+rf+tcn+cnn_lstm,5,0.610675,0.240123,0.344705,0.523671,389,248,1237,1231
gru+tcn+xgb,3,0.610245,0.169136,0.264862,0.510145,274,175,1310,1346
catboost+gru+rf+cnn_lstm,4,0.610224,0.235802,0.34016,0.522705,382,244,1241,1238
gru+lgbm+logreg+lstm,4,0.609589,0.219753,0.323049,0.519485,356,228,1257,1264
gru+tcn+xgb+cnn_lstm,4,0.609562,0.188889,0.288407,0.513688,306,196,1289,1314
gru+lstm+tcn,3,0.609428,0.111728,0.188837,0.499195,181,116,1369,1439
catboost+gru+lgbm+lstm+rf+tcn+cnn_lstm,7,0.609418,0.271605,0.375747,0.529147,440,282,1203,1180
catboost+gru+lgbm+lstm+rf,5,0.609091,0.248148,0.352632,0.524638,402,258,1227,1218
catboost+gru+lgbm+rf+tcn,5,0.608974,0.234568,0.338681,0.522061,380,244,1241,1240
catboost+gru+lstm+rf+tcn+cnn_lstm,6,0.608939,0.269136,0.373288,0.528502,436,280,1205,1184
gru+lstm+rf+tcn,4,0.60885,0.212346,0.314874,0.517874,344,221,1264,1276
gru+lgbm+logreg+lstm+rf,5,0.608458,0.275309,0.379091,0.529469,446,287,1198,1174
gru+lstm+xgb,3,0.608456,0.204321,0.305915,0.516264,331,213,1272,1289
catboost+gru+lgbm+rf,4,0.608414,0.232099,0.336014,0.521417,376,242,1243,1244
gru+lgbm+xgb+cnn_lstm,4,0.607011,0.203086,0.304348,0.51562,329,213,1272,1291
catboost+gru+lstm+xgb,4,0.606583,0.238889,0.342781,0.522061,387,251,1234,1233
gru+lstm+rf,3,0.606498,0.207407,0.309108,0.516264,336,218,1267,1284
catboost+gru+lstm+tcn+xgb,5,0.606481,0.242593,0.346561,0.522705,393,255,1230,1227
gru+lgbm+logreg+lstm+rf+tcn,6,0.606469,0.277778,0.381033,0.529147,450,292,1193,1170
gru+lgbm+logreg+rf+tcn+cnn_lstm,6,0.606469,0.277778,0.381033,0.529147,450,292,1193,1170
catboost+gru+lgbm+lstm+tcn+cnn_lstm,6,0.606007,0.211728,0.313815,0.516908,343,223,1262,1277
gru+lgbm+lstm+xgb,4,0.605489,0.217901,0.320472,0.517874,353,230,1255,1267
gru+lgbm+tcn+xgb+cnn_lstm,5,0.605455,0.205556,0.306912,0.51562,333,217,1268,1287
gru+lstm+tcn+xgb,4,0.605405,0.207407,0.308966,0.515942,336,219,1266,1284
gru+lgbm+logreg+lstm+tcn,5,0.605351,0.223457,0.32642,0.518841,362,236,1249,1258
gru+lstm+rf+cnn_lstm,4,0.60522,0.229012,0.332288,0.519807,371,242,1243,1249
catboost+gru+lstm+rf+xgb,5,0.605191,0.273457,0.376701,0.527858,443,289,1196,1177
gru+lgbm+logreg+tcn,4,0.605081,0.161728,0.255236,0.507568,262,171,1314,1358
gru+lgbm+logreg+rf+cnn_lstm,5,0.604905,0.274074,0.37723,0.527858,444,290,1195,1176
gru+lgbm+lstm+rf,4,0.60477,0.219136,0.321704,0.517874,355,232,1253,1265
gru+lgbm+logreg,3,0.604762,0.15679,0.24902,0.506602,254,166,1319,1366
gru+logreg+lstm+rf+cnn_lstm,5,0.60414,0.288272,0.390305,0.530113,467,306,1179,1153
catboost+gru+logreg+tcn,4,0.604061,0.22037,0.322931,0.517874,357,234,1251,1263
catboost+gru+lgbm+lstm+cnn_lstm,5,0.603943,0.208025,0.309458,0.51562,337,221,1264,1283
catboost+gru+logreg,3,0.603839,0.21358,0.315549,0.516586,346,227,1258,1274
gru+lgbm+logreg+lstm+rf+cnn_lstm,6,0.603581,0.291358,0.393006,0.530435,472,310,1175,1148
gru+logreg+lstm+rf,4,0.603306,0.27037,0.373402,0.52657,438,288,1197,1182
gru+lgbm+lstm+cnn_lstm,4,0.603139,0.166049,0.260407,0.50789,269,177,1308,1351
gru+lgbm+lstm+rf+tcn,5,0.603041,0.22037,0.322785,0.517552,357,235,1250,1263
gru+lgbm+lstm+tcn+xgb,5,0.603041,0.22037,0.322785,0.517552,357,235,1250,1263
gru+lstm+rf+xgb,4,0.60292,0.254938,0.358351,0.523671,413,272,1213,1207
gru+lstm+rf+tcn+cnn_lstm,5,0.602894,0.231481,0.334523,0.519485,375,247,1238,1245
catboost+gru+lgbm+logreg+tcn,5,0.602585,0.230247,0.333184,0.519163,373,246,1239,1247
gru+logreg+lstm+rf+tcn,5,0.602442,0.274074,0.37675,0.526892,444,293,1192,1176
catboost+gru+lstm+rf+tcn+xgb,6,0.602442,0.274074,0.37675,0.526892,444,293,1192,1176
catboost+gru+lgbm+logreg,4,0.60199,0.224074,0.326586,0.517874,363,240,1245,1257
gru+logreg+lstm+rf+tcn+cnn_lstm,6,0.601793,0.290123,0.391504,0.529469,470,311,1174,1150
catboost+gru+lgbm+lstm+xgb,5,0.601504,0.246914,0.350109,0.521739,400,265,1220,1220
gru+rf+tcn+xgb,4,0.601218,0.243827,0.346948,0.521095,395,262,1223,1225
gru+logreg+rf,3,0.60089,0.25,0.353095,0.522061,405,269,1216,1215
gru+lgbm+logreg+rf+tcn,5,0.600858,0.259259,0.362225,0.523671,420,279,1206,1200
catboost+gru+lgbm+logreg+rf+cnn_lstm,6,0.600742,0.3,0.400165,0.530757,486,323,1162,1134
gru+logreg+tcn,3,0.600601,0.123457,0.204813,0.499839,200,133,1352,1420
catboost+gru+rf+tcn+xgb+cnn_lstm,6,0.60054,0.274691,0.376959,0.526248,445,296,1189,1175
gru+lgbm+logreg+rf+xgb+cnn_lstm,6,0.6,0.294444,0.395031,0.529469,477,318,1167,1143
catboost+gru+logreg+lstm,4,0.6,0.255556,0.358442,0.522705,414,276,1209,1206
gru+tcn,2,0.6,0.003704,0.007362,0.478905,6,4,1481,1614
catboost+gru+lgbm+lstm+tcn+xgb,6,0.599705,0.250617,0.353505,0.521739,406,271,1214,1214
gru+rf+xgb,3,0.599691,0.239506,0.342303,0.519807,388,259,1226,1232
gru+lgbm+logreg+lstm+cnn_lstm,5,0.599398,0.245679,0.348511,0.520773,398,266,1219,1222
catboost+gru+rf+xgb+cnn_lstm,5,0.599185,0.272222,0.374363,0.525282,441,295,1190,1179
gru+lgbm+xgb,3,0.599182,0.180864,0.277857,0.509501,293,196,1289,1327
gru+lgbm+logreg+rf,4,0.599125,0.253704,0.356461,0.522061,411,275,1210,1209
gru+lgbm+logreg+lstm+rf+tcn+cnn_lstm,7,0.598991,0.29321,0.393701,0.528824,475,318,1167,1145
gru+logreg+rf+cnn_lstm,4,0.598893,0.267284,0.369612,0.524316,433,290,1195,1187
gru+lgbm+lstm+tcn+cnn_lstm,5,0.598698,0.17037,0.265257,0.507568,276,185,1300,1344
gru+logreg+rf+tcn+cnn_lstm,5,0.598649,0.273457,0.375424,0.525282,443,297,1188,1177
gru+lstm+xgb+cnn_lstm,4,0.598639,0.217284,0.318841,0.51562,352,236,1249,1268
catboost+gru+rf+xgb,4,0.598303,0.261111,0.363558,0.523027,423,284,1201,1197
catboost+gru+lgbm+logreg+rf+tcn+cnn_lstm,7,0.598301,0.304321,0.403437,0.530435,493,331,1154,1127
gru+lstm+rf+tcn+xgb,5,0.598266,0.255556,0.358131,0.522061,414,278,1207,1206
gru+lgbm+logreg+rf+tcn+xgb+cnn_lstm,7,0.598248,0.295062,0.395205,0.528824,478,321,1164,1142
gru+logreg+rf+xgb+cnn_lstm,5,0.598214,0.289506,0.390183,0.527858,469,315,1170,1151
catboost+gru+lstm+rf+xgb+cnn_lstm,6,0.598155,0.280247,0.381673,0.526248,454,305,1180,1166
catboost+gru+logreg+rf,4,0.597656,0.283333,0.384422,0.52657,459,309,1176,1161
gru+lstm+tcn+xgb+cnn_lstm,5,0.597643,0.219136,0.320687,0.51562,355,239,1246,1265
catboost+gru+lstm+tcn+xgb+cnn_lstm,6,0.597633,0.249383,0.351916,0.520773,404,272,1213,1216
catboost+gru+lstm+xgb+cnn_lstm,5,0.597598,0.245679,0.348206,0.520129,398,268,1217,1222
gru+logreg+rf+tcn,4,0.597384,0.253704,0.356153,0.521417,411,277,1208,1209
gru+lgbm+rf+tcn+xgb,5,0.597325,0.248148,0.350632,0.520451,402,271,1214,1218
gru+lstm+rf+xgb+cnn_lstm,5,0.597183,0.261728,0.363948,0.522705,424,286,1199,1196
catboost+gru+lgbm+xgb,4,0.597039,0.224074,0.325853,0.516264,363,245,1240,1257
gru+lgbm+logreg+lstm+tcn+cnn_lstm,6,0.597037,0.248765,0.351198,0.520451,403,272,1213,1217
catboost+gru+rf+tcn+xgb,5,0.596932,0.264198,0.366282,0.523027,428,289,1196,1192
gru+lgbm+lstm+rf+xgb+cnn_lstm,6,0.596932,0.264198,0.366282,0.523027,428,289,1196,1192
gru+logreg+rf+tcn+xgb+cnn_lstm,6,0.596692,0.289506,0.389859,0.527214,469,317,1168,1151
catboost+gru+lgbm+rf+xgb,5,0.596685,0.266667,0.368601,0.523349,432,292,1193,1188
catboost+gru+lgbm+lstm+rf+tcn+xgb,7,0.596538,0.276543,0.3779,0.52496,448,303,1182,1172
gru+lgbm+rf+xgb,4,0.596413,0.246296,0.348624,0.519807,399,270,1215,1221
catboost+gru+lstm+rf+tcn+xgb+cnn_lstm,7,0.59633,0.280864,0.381872,0.525604,455,308,1177,1165
gru+lgbm+rf+xgb+cnn_lstm,5,0.596237,0.254321,0.356556,0.521095,412,279,1206,1208
gru+lgbm+logreg+rf+xgb,5,0.596129,0.285185,0.385804,0.526248,462,313,1172,1158
gru+lstm+rf+tcn+xgb+cnn_lstm,6,0.596127,0.266049,0.367904,0.523027,431,292,1193,1189
gru+lgbm+logreg+lstm+rf+xgb+cnn_lstm,7,0.596059,0.298765,0.398026,0.528502,484,328,1157,1136
catboost+gru+logreg+lstm+tcn,5,0.596017,0.258642,0.36074,0.521739,419,284,1201,1201
gru+lgbm+tcn+xgb,4,0.596,0.183951,0.281132,0.509179,298,202,1283,1322
cnn+gru+xgb,3,0.595975,0.237654,0.339806,0.518196,385,261,1224,1235
catboost+cnn+gru+lgbm+lstm+xgb+cnn_lstm,7,0.595899,0.304938,0.40343,0.529469,494,335,1150,1126
catboost+gru+lgbm+rf+tcn+xgb,6,0.59589,0.268519,0.370213,0.523349,435,295,1190,1185
catboost+gru+lgbm+tcn+xgb,5,0.595779,0.226543,0.328265,0.516264,367,249,1236,1253
gru+logreg+lstm+tcn,4,0.595745,0.207407,0.307692,0.513043,336,228,1257,1284
catboost+gru+lgbm+lstm+rf+xgb,6,0.595687,0.27284,0.374259,0.523994,442,300,1185,1178
gru+lgbm+lstm+rf+xgb,5,0.595683,0.255556,0.357667,0.521095,414,281,1204,1206
gru+lgbm+logreg+rf+tcn+xgb,6,0.595635,0.28642,0.386828,0.526248,464,315,1170,1156
catboost+gru+lgbm+logreg+lstm+rf+cnn_lstm,7,0.595465,0.308025,0.406021,0.529791,499,339,1146,1121
gru+lgbm+logreg+lstm+xgb+cnn_lstm,6,0.5953,0.281481,0.38223,0.525282,456,310,1175,1164
gru+lgbm+logreg+lstm+rf+tcn+xgb+cnn_lstm,8,0.595122,0.301235,0.4,0.528502,488,332,1153,1132
catboost+gru+logreg+rf+tcn,5,0.595116,0.285802,0.386155,0.525926,463,315,1170,1157
catboost+gru+xgb+cnn_lstm,4,0.595082,0.224074,0.325561,0.51562,363,247,1238,1257
catboost+gru+lgbm+rf+tcn+xgb+cnn_lstm,7,0.594954,0.276543,0.377581,0.524316,448,305,1180,1172
cnn+gru+rf+xgb+cnn_lstm,5,0.594872,0.28642,0.386667,0.525926,464,316,1169,1156
gru+lgbm+logreg+lstm+tcn+xgb+cnn_lstm,7,0.594839,0.284568,0.384969,0.525604,461,314,1171,1159
catboost+gru+logreg+lstm+rf,5,0.594763,0.294444,0.393889,0.527214,477,325,1160,1143
gru+logreg+lstm+tcn+xgb+cnn_lstm,6,0.594737,0.279012,0.379832,0.524638,452,308,1177,1168
catboost+gru+lgbm+rf+xgb+cnn_lstm,6,0.594631,0.273457,0.37463,0.523671,443,302,1183,1177
catboost+gru+lgbm+lstm+rf+xgb+cnn_lstm,7,0.594524,0.281481,0.38207,0.52496,456,311,1174,1164
catboost+gru+xgb,3,0.594356,0.208025,0.308185,0.512721,337,230,1255,1283
catboost+gru+logreg+lstm+rf+tcn,6,0.594328,0.297531,0.396545,0.527536,482,329,1156,1138
gru+logreg+tcn+xgb+cnn_lstm,5,0.594203,0.253086,0.354978,0.520129,410,280,1205,1210
catboost+cnn+gru+lgbm+logreg+lstm+xgb+cnn_lstm,8,0.594187,0.340741,0.433111,0.534622,552,377,1108,1068
catboost+gru+lgbm+lstm+rf+tcn+xgb+cnn_lstm,8,0.594034,0.282716,0.383103,0.52496,458,313,1172,1162
catboost+gru+lstm+tcn+cnn_lstm,5,0.594,0.183333,0.280189,0.508535,297,203,1282,1323
gru+lgbm+logreg+tcn+cnn_lstm,5,0.593863,0.203086,0.302668,0.511755,329,225,1260,1291
catboost+gru+lgbm+logreg+cnn_lstm,5,0.593842,0.25,0.351868,0.519485,405,277,1208,1215
gru+rf+xgb+cnn_lstm,4,0.59375,0.246296,0.348168,0.518841,399,273,1212,1221
gru+lgbm+rf+tcn+xgb+cnn_lstm,6,0.59366,0.254321,0.356093,0.520129,412,282,1203,1208
cnn+gru+tcn+xgb,4,0.593656,0.242593,0.344435,0.518196,393,269,1216,1227
cnn+gru+lgbm+lstm+rf+tcn,6,0.593631,0.287654,0.387526,0.525604,466,319,1166,1154
catboost+gru+lgbm+logreg+lstm+rf+tcn+cnn_lstm,8,0.593602,0.309259,0.406656,0.529147,501,343,1142,1119
gru+logreg+lstm+xgb+cnn_lstm,5,0.593583,0.274074,0.375,0.523349,444,304,1181,1176
cnn+gru+lgbm+lstm+rf,5,0.593548,0.283951,0.384134,0.52496,460,315,1170,1160
catboost+gru+tcn+xgb+cnn_lstm,5,0.593548,0.22716,0.328571,0.51562,368,252,1233,1252
catboost+gru+lgbm+logreg+tcn+xgb,6,0.593506,0.282099,0.382427,0.524638,457,313,1172,1163
gru+logreg,2,0.593443,0.111728,0.188052,0.496618,181,124,1361,1439
gru+lgbm+lstm+rf+tcn+xgb+cnn_lstm,7,0.593407,0.266667,0.367973,0.522061,432,296,1189,1188
gru+logreg+lstm,3,0.593407,0.2,0.299169,0.511111,324,222,1263,1296
catboost+cnn+gru+lgbm+lstm+tcn+xgb+cnn_lstm,8,0.593341,0.308025,0.405526,0.528824,499,342,1143,1121
gru+logreg+xgb,3,0.593272,0.239506,0.341249,0.517552,388,266,1219,1232
gru+logreg+xgb+cnn_lstm,4,0.593245,0.249383,0.351152,0.519163,404,277,1208,1216
catboost+gru+lgbm+logreg+lstm,5,0.593172,0.257407,0.359019,0.520451,417,286,1199,1203
cnn+gru+lstm+rf+xgb,5,0.593112,0.287037,0.386855,0.525282,465,319,1166,1155
catboost+cnn+gru+lgbm+lstm+rf+tcn,7,0.593037,0.304938,0.402772,0.52818,494,339,1146,1126
cnn+gru+logreg+lstm+xgb+cnn_lstm,6,0.592971,0.32284,0.418066,0.531079,523,359,1126,1097
catboost+gru+lgbm+logreg+lstm+rf+xgb+cnn_lstm,8,0.592941,0.311111,0.408097,0.529147,504,346,1139,1116
catboost+gru+lgbm+logreg+xgb,5,0.592932,0.27963,0.380034,0.523994,453,311,1174,1167
cnn+gru+lgbm+xgb,4,0.59292,0.248148,0.349869,0.518841,402,276,1209,1218
catboost+gru+logreg+lstm+rf+cnn_lstm,6,0.592637,0.308025,0.405361,0.528502,499,343,1142,1121
catboost+gru+lstm+cnn_lstm,4,0.592593,0.177778,0.273504,0.507246,288,198,1287,1332
catboost+gru+lgbm+logreg+tcn+cnn_lstm,6,0.592539,0.254938,0.356495,0.519807,413,284,1201,1207
catboost+gru+logreg+lstm+rf+tcn+cnn_lstm,7,0.592462,0.310494,0.407452,0.528824,503,346,1139,1117
catboost+gru+lgbm+logreg+lstm+xgb,6,0.592405,0.288889,0.388382,0.525282,468,322,1163,1152
cnn+gru+rf+tcn+xgb+cnn_lstm,6,0.592357,0.287037,0.386694,0.52496,465,320,1165,1155
catboost+gru+lgbm+tcn+xgb+cnn_lstm,6,0.592308,0.237654,0.339207,0.516908,385,265,1220,1235
gru+logreg+lstm+xgb,4,0.592179,0.261728,0.363014,0.520773,424,292,1193,1196
catboost+gru+lgbm+logreg+lstm+rf,6,0.592089,0.295679,0.394401,0.526248,479,330,1155,1141
cnn+gru+lgbm+logreg+lstm+rf+xgb,7,0.592045,0.321605,0.4168,0.530435,521,359,1126,1099
catboost+gru+lgbm+logreg+lstm+rf+tcn+xgb+cnn_lstm,9,0.592028,0.311728,0.408411,0.528824,505,348,1137,1115
catboost+cnn+gru+lgbm+lstm+rf,6,0.59201,0.301852,0.399836,0.527214,489,337,1148,1131
catboost+gru+lgbm+xgb+cnn_lstm,5,0.5919,0.234568,0.335986,0.516264,380,262,1223,1240
cnn+gru+lgbm+logreg+lstm+xgb,6,0.591813,0.312346,0.408889,0.528824,506,349,1136,1114
catboost+gru+lgbm+logreg+lstm+tcn+xgb+cnn_lstm,8,0.591787,0.302469,0.400327,0.527214,490,338,1147,1130
cnn+gru+lgbm+lstm+rf+tcn+xgb,7,0.59176,0.292593,0.391574,0.525604,474,327,1158,1146
gru+lgbm+lstm+rf+tcn+xgb,6,0.59175,0.25679,0.358158,0.519807,416,287,1198,1204
catboost+gru+lgbm+logreg+lstm+xgb+cnn_lstm,7,0.591738,0.300617,0.39869,0.526892,487,336,1149,1133
catboost+cnn+gru+lgbm+lstm+xgb,6,0.591709,0.290741,0.389901,0.525282,471,325,1160,1149
catboost+gru+lgbm+logreg+lstm+tcn+xgb,7,0.591709,0.290741,0.389901,0.525282,471,325,1160,1149
gru+logreg+tcn+xgb,4,0.591592,0.24321,0.344707,0.517552,394,272,1213,1226
cnn+gru+lgbm+logreg+lstm+rf+xgb+cnn_lstm,8,0.591565,0.329012,0.422848,0.531401,533,368,1117,1087
catboost+gru+cnn_lstm,3,0.591549,0.103704,0.176471,0.495008,168,116,1369,1452
catboost+gru+lgbm+logreg+rf+xgb,6,0.591515,0.301235,0.399182,0.526892,488,337,1148,1132
cnn+gru+lstm+rf+tcn+xgb,6,0.591425,0.289506,0.388728,0.52496,469,324,1161,1151
catboost+cnn+gru+lgbm+tcn+xgb+cnn_lstm,7,0.591425,0.289506,0.388728,0.52496,469,324,1161,1151
catboost+gru+logreg+rf+tcn+cnn_lstm,6,0.591411,0.297531,0.395893,0.526248,482,333,1152,1138
catboost+gru+logreg+rf+cnn_lstm,5,0.591304,0.293827,0.392577,0.525604,476,329,1156,1144
cnn+gru+xgb+cnn_lstm,4,0.591231,0.258025,0.359261,0.519807,418,289,1196,1202
cnn+gru+lgbm+logreg+lstm+rf+tcn+xgb,8,0.591166,0.322222,0.417099,0.530113,522,361,1124,1098
gru+logreg+lstm+tcn+xgb,5,0.59116,0.264198,0.365188,0.520773,428,296,1189,1192
gru+lgbm+lstm+tcn+xgb+cnn_lstm,6,0.591125,0.230247,0.331408,0.515298,373,258,1227,1247
catboost+cnn+gru+lgbm+logreg+lstm+xgb,7,0.591111,0.328395,0.422222,0.531079,532,368,1117,1088
catboost+cnn+gru+lstm+tcn+xgb,6,0.591026,0.284568,0.384167,0.523994,461,319,1166,1159
gru+lgbm+logreg+xgb+cnn_lstm,5,0.590973,0.258642,0.359811,0.519807,419,290,1195,1201
catboost+gru+tcn+xgb,4,0.590674,0.211111,0.31105,0.512077,342,237,1248,1278
catboost+gru+lgbm+logreg+tcn+xgb+cnn_lstm,7,0.590621,0.287654,0.386883,0.524316,466,323,1162,1154
catboost+cnn+gru+lgbm+logreg+lstm+tcn+xgb+cnn_lstm,9,0.590618,0.341975,0.433151,0.533011,554,384,1101,1066
catboost+gru+lgbm+logreg+xgb+cnn_lstm,6,0.590501,0.283951,0.383493,0.523671,460,319,1166,1160
cnn+gru+lgbm+logreg+lstm+xgb+cnn_lstm,7,0.590444,0.32037,0.415366,0.529469,519,360,1125,1101
catboost+cnn+gru+lgbm+lstm+rf+xgb,7,0.590419,0.304321,0.401629,0.526892,493,342,1143,1127
catboost+gru+lgbm+logreg+rf+xgb+cnn_lstm,7,0.590361,0.302469,0.4,0.52657,490,340,1145,1130
catboost+cnn+gru+lstm+xgb,5,0.590143,0.280864,0.380594,0.523027,455,316,1169,1165
cnn+gru+lgbm+tcn+xgb,5,0.590116,0.250617,0.35182,0.518196,406,282,1203,1214
cnn+gru+rf+xgb,4,0.590078,0.279012,0.378877,0.522705,452,314,1171,1168
catboost+gru+logreg+lstm+tcn+xgb,6,0.59,0.291358,0.390083,0.524638,472,328,1157,1148
catboost+gru+tcn,3,0.59,0.03642,0.068605,0.484058,59,41,1444,1561
gru+logreg+lstm+rf+xgb+cnn_lstm,6,0.589901,0.295679,0.393914,0.525282,479,333,1152,1141
cnn+gru+lstm+rf+tcn,5,0.589844,0.27963,0.379397,0.522705,453,315,1170,1167
cnn+gru+logreg+lstm+xgb,5,0.589774,0.306173,0.403088,0.526892,496,345,1140,1124
catboost+gru+lgbm+logreg+lstm+rf+tcn,7,0.589744,0.298148,0.396064,0.525604,483,336,1149,1137
catboost+gru+lgbm+logreg+lstm+tcn,6,0.589636,0.259877,0.360754,0.519485,421,293,1192,1199
gru+logreg+rf+tcn+xgb,5,0.58961,0.280247,0.379916,0.522705,454,316,1169,1166
catboost+gru+logreg+tcn+xgb,5,0.589542,0.278395,0.378197,0.522383,451,314,1171,1169
catboost+cnn+gru+lgbm+xgb,5,0.589502,0.27037,0.370715,0.521095,438,305,1180,1182
cnn+gru+logreg+lstm+tcn+xgb+cnn_lstm,7,0.589485,0.325309,0.419252,0.529791,527,367,1118,1093
cnn+gru+lgbm+logreg+lstm+rf+tcn+xgb+cnn_lstm,9,0.589462,0.331481,0.424338,0.530757,537,374,1111,1083
gru+logreg+lstm+rf+tcn+xgb+cnn_lstm,7,0.589461,0.296914,0.39491,0.525282,481,335,1150,1139
cnn+gru+lgbm+lstm+xgb+cnn_lstm,6,0.589378,0.280864,0.380435,0.522705,455,317,1168,1165
catboost+cnn+gru+lstm+rf+tcn,6,0.589372,0.301235,0.398693,0.525926,488,340,1145,1132
cnn+gru+lgbm+logreg+lstm+tcn+xgb,7,0.589327,0.31358,0.409347,0.527858,508,354,1131,1112
catboost+cnn+gru+lgbm+xgb+cnn_lstm,6,0.589286,0.285185,0.384359,0.523349,462,322,1163,1158
cnn+gru+lgbm+lstm+tcn+xgb+cnn_lstm,7,0.589286,0.285185,0.384359,0.523349,462,322,1163,1158
catboost+cnn+gru+lstm+rf,5,0.589242,0.297531,0.395406,0.525282,482,336,1149,1138
cnn+gru+lstm+rf,4,0.589239,0.27716,0.376994,0.522061,449,313,1172,1171
catboost+cnn+gru+lgbm+logreg+lstm+tcn+xgb,8,0.589207,0.330247,0.423259,0.530435,535,373,1112,1085
cnn+gru+lgbm+lstm+rf+xgb,6,0.589196,0.289506,0.388245,0.523994,469,327,1158,1151
cnn+gru+lgbm+tcn+xgb+cnn_lstm,6,0.589189,0.269136,0.369492,0.520773,436,304,1181,1184
gru+rf+tcn+xgb+cnn_lstm,5,0.589181,0.248765,0.349826,0.517552,403,281,1204,1217
cnn+gru+lgbm+logreg+lstm+tcn+xgb+cnn_lstm,8,0.589165,0.322222,0.4166,0.529147,522,364,1121,1098
catboost+gru+logreg+lstm+xgb,5,0.589128,0.287654,0.386562,0.523671,466,325,1160,1154
catboost+cnn+gru+lgbm+lstm+tcn+xgb,7,0.589109,0.293827,0.392092,0.524638,476,332,1153,1144
catboost+cnn+gru+lgbm+logreg+lstm+rf+xgb,8,0.589071,0.332716,0.425247,0.530757,539,376,1109,1081
cnn+gru+lgbm+rf+tcn+xgb,6,0.589005,0.277778,0.377517,0.522061,450,314,1171,1170
catboost+gru+lgbm+logreg+rf+tcn+xgb+cnn_lstm,8,0.588796,0.304938,0.401789,0.526248,494,345,1140,1126
gru+lgbm+lstm+xgb+cnn_lstm,5,0.58871,0.225309,0.325893,0.513688,365,255,1230,1255
catboost+cnn+gru+lstm+xgb+cnn_lstm,6,0.588661,0.301235,0.39853,0.525604,488,341,1144,1132
catboost+cnn+gru+lgbm+logreg+lstm+rf+xgb+cnn_lstm,9,0.588614,0.338272,0.429635,0.531401,548,383,1102,1072
catboost+cnn+gru+lstm+tcn+xgb+cnn_lstm,7,0.588517,0.303704,0.400651,0.525926,492,344,1141,1128
catboost+gru+lgbm+lstm+tcn+xgb+cnn_lstm,7,0.588319,0.254938,0.355728,0.518196,413,289,1196,1207
catboost+gru+logreg+xgb,4,0.588313,0.273457,0.373367,0.521095,443,310,1175,1177
gru+logreg+rf+xgb,4,0.588235,0.277778,0.377358,0.521739,450,315,1170,1170
catboost+cnn+gru+lgbm+rf,5,0.588161,0.288272,0.38691,0.523349,467,327,1158,1153
cnn+gru+lgbm+lstm+xgb,5,0.588156,0.269753,0.369869,0.520451,437,306,1179,1183
gru+logreg+lstm+rf+xgb,5,0.588086,0.28642,0.385222,0.523027,464,325,1160,1156
gru+lgbm+logreg+tcn+xgb+cnn_lstm,6,0.588072,0.261728,0.362238,0.519163,424,297,1188,1196
cnn+gru+lstm+xgb,4,0.588068,0.255556,0.356282,0.518196,414,290,1195,1206
catboost+cnn+gru+logreg+lstm+xgb+cnn_lstm,7,0.588047,0.340123,0.430974,0.531401,551,386,1099,1069
gru+lgbm+logreg+lstm+tcn+xgb,6,0.587995,0.266049,0.366341,0.519807,431,302,1183,1189
gru+lgbm+logreg+xgb,4,0.587977,0.247531,0.348393,0.516908,401,281,1204,1219
catboost+gru+logreg+rf+xgb+cnn_lstm,6,0.587952,0.301235,0.398367,0.525282,488,342,1143,1132
catboost+gru+lgbm+logreg+rf+tcn+xgb,7,0.587952,0.301235,0.398367,0.525282,488,342,1143,1132
gru+lgbm+logreg+lstm+rf+xgb,6,0.58794,0.288889,0.387417,0.523349,468,328,1157,1152
catboost+cnn+gru+logreg+lstm+tcn+xgb+cnn_lstm,8,0.587924,0.342593,0.432917,0.531723,555,389,1096,1065
cnn+gru+logreg+lstm+rf+tcn+xgb,7,0.587906,0.324074,0.417827,0.528824,525,368,1117,1095
catboost+gru+lgbm+logreg+rf,5,0.587855,0.280864,0.380117,0.522061,455,319,1166,1165
catboost+gru+tcn+cnn_lstm,4,0.587838,0.107407,0.181628,0.495008,174,122,1363,1446
catboost+cnn+gru+lstm+rf+tcn+xgb,7,0.587814,0.303704,0.400488,0.525604,492,345,1140,1128
catboost+cnn+gru+rf+xgb,5,0.587796,0.291358,0.3896,0.523671,472,331,1154,1148
cnn+gru+lstm+tcn+xgb,5,0.587744,0.260494,0.360992,0.518841,422,296,1189,1198
catboost+cnn+gru+lstm+rf+xgb,6,0.58774,0.301852,0.398858,0.525282,489,343,1142,1131
cnn+gru+lgbm+lstm+rf+tcn+cnn_lstm,7,0.58773,0.295679,0.393429,0.524316,479,336,1149,1141
catboost+cnn+gru+lgbm+lstm+rf+tcn+xgb,8,0.587678,0.306173,0.402597,0.525926,496,348,1137,1124
cnn+gru+logreg+lstm+rf+xgb,6,0.58764,0.32284,0.416733,0.528502,523,367,1118,1097
gru+lgbm+logreg+cnn_lstm,4,0.587571,0.192593,0.290098,0.508213,312,219,1266,1308
cnn+gru+lgbm+lstm+tcn+xgb,6,0.587533,0.273457,0.37321,0.520773,443,311,1174,1177
catboost+gru+logreg+tcn+xgb+cnn_lstm,6,0.587421,0.288272,0.386749,0.523027,467,328,1157,1153
cnn+gru+lgbm+rf+xgb,5,0.587302,0.274074,0.373737,0.520773,444,312,1173,1176
gru+logreg+cnn_lstm,3,0.587234,0.17037,0.264115,0.50467,276,194,1291,1344
catboost+cnn+gru+xgb,4,0.587106,0.264198,0.36441,0.519163,428,301,1184,1192
gru+lgbm+logreg+lstm+xgb,5,0.587106,0.264198,0.36441,0.519163,428,301,1184,1192
cnn+gru+lgbm+logreg+rf+xgb+cnn_lstm,7,0.587104,0.32037,0.414537,0.527858,519,365,1120,1101
catboost+gru+lgbm+logreg+lstm+rf+tcn+xgb,8,0.586982,0.306173,0.402434,0.525604,496,349,1136,1124
cnn+gru+lgbm+xgb+cnn_lstm,5,0.586867,0.264815,0.364951,0.519163,429,302,1183,1191
gru+lgbm+logreg+lstm+rf+tcn+xgb,7,0.586849,0.291975,0.389942,0.523349,473,333,1152,1147
catboost+gru+logreg+rf+tcn+xgb+cnn_lstm,7,0.586826,0.302469,0.399185,0.52496,490,345,1140,1130
catboost+gru+lgbm+lstm+xgb+cnn_lstm,6,0.586801,0.252469,0.353043,0.51723,409,288,1197,1211
catboost+cnn+gru+lgbm+rf+xgb+cnn_lstm,7,0.586747,0.300617,0.397551,0.524638,487,343,1142,1133
cnn+gru+lgbm+rf,4,0.586742,0.25679,0.357235,0.517874,416,293,1192,1204
catboost+gru+lgbm+logreg+rf+tcn,6,0.586735,0.283951,0.382696,0.522061,460,324,1161,1160
catboost+gru+lgbm+logreg+lstm+rf+xgb,7,0.586619,0.303086,0.399674,0.52496,491,346,1139,1129
catboost+cnn+gru+lstm+rf+tcn+xgb+cnn_lstm,8,0.586605,0.31358,0.408689,0.52657,508,358,1127,1112
catboost+gru+logreg+lstm+rf+xgb+cnn_lstm,7,0.586572,0.307407,0.403402,0.525604,498,351,1134,1122
cnn+gru+logreg+lstm+tcn+xgb,6,0.586369,0.308025,0.403885,0.525604,499,352,1133,1121
cnn+gru+rf+tcn+xgb,5,0.58634,0.280864,0.3798,0.521417,455,321,1164,1165
cnn+gru+lgbm+logreg+rf+tcn+xgb+cnn_lstm,8,0.586323,0.32284,0.416401,0.527858,523,369,1116,1097
catboost+cnn+gru+rf,4,0.586294,0.285185,0.383721,0.522061,462,326,1159,1158
cnn+gru+lgbm+lstm+rf+cnn_lstm,6,0.586121,0.291975,0.389782,0.523027,473,334,1151,1147
catboost+gru+lgbm+logreg+lstm+tcn+cnn_lstm,7,0.586118,0.281481,0.380317,0.521417,456,322,1163,1164
catboost+cnn+gru+logreg+lstm+rf+xgb+cnn_lstm,8,0.586096,0.338272,0.428963,0.530113,548,387,1098,1072
gru+logreg+lstm+rf+tcn+xgb,6,0.585947,0.288272,0.386429,0.522383,467,330,1155,1153
catboost+cnn+gru+lgbm+logreg+lstm+rf+tcn+xgb+cnn_lstm,10,0.585912,0.338889,0.429409,0.530113,549,388,1097,1071
cnn+gru+lgbm+logreg+rf+cnn_lstm,6,0.58587,0.332716,0.424409,0.529147,539,381,1104,1081
catboost+cnn+gru+lgbm+logreg+lstm+rf+tcn+xgb,9,0.58587,0.332716,0.424409,0.529147,539,381,1104,1081
catboost+gru+lgbm+tcn+cnn_lstm,5,0.585859,0.14321,0.230159,0.500161,232,164,1321,1388
cnn+gru+lstm+rf+tcn+cnn_lstm,6,0.585784,0.295062,0.392447,0.523349,478,338,1147,1142
catboost+gru+logreg+xgb+cnn_lstm,5,0.585769,0.284568,0.383049,0.521739,461,326,1159,1159
catboost+cnn+gru+tcn+xgb+cnn_lstm,6,0.585769,0.284568,0.383049,0.521739,461,326,1159,1159
cnn+gru+lgbm+rf+xgb+cnn_lstm,6,0.585769,0.284568,0.383049,0.521739,461,326,1159,1159
catboost+cnn+gru+lgbm+rf+cnn_lstm,6,0.585681,0.308025,0.403722,0.525282,499,353,1132,1121
cnn+gru+lgbm+logreg+tcn+xgb+cnn_lstm,7,0.585648,0.312346,0.407407,0.525926,506,358,1127,1114
cnn+gru+lgbm+logreg+rf+xgb,6,0.58545,0.312963,0.407884,0.525926,507,359,1126,1113
cnn+gru+logreg+tcn+xgb+cnn_lstm,6,0.58545,0.312963,0.407884,0.525926,507,359,1126,1113
catboost+cnn+gru+lgbm+logreg+xgb+cnn_lstm,7,0.585447,0.327778,0.420261,0.52818,531,376,1109,1089
catboost+cnn+gru+lgbm+tcn+xgb,6,0.58543,0.27284,0.372211,0.519807,442,313,1172,1178
catboost+cnn+gru+rf+tcn,5,0.585427,0.287654,0.385762,0.522061,466,330,1155,1154
catboost+cnn+gru+lgbm+logreg+tcn+xgb+cnn_lstm,8,0.585419,0.332099,0.423789,0.528824,538,381,1104,1082
catboost+cnn+gru+lstm+rf+xgb+cnn_lstm,7,0.585366,0.311111,0.406288,0.525604,504,357,1128,1116
cnn+gru+lstm+xgb+cnn_lstm,5,0.585302,0.275309,0.374475,0.520129,446,316,1169,1174
cnn+gru+tcn+xgb+cnn_lstm,5,0.585165,0.262963,0.362862,0.518196,426,302,1183,1194
cnn+gru+lgbm+rf+tcn,5,0.585062,0.261111,0.361076,0.517874,423,300,1185,1197
gru+lgbm+logreg+tcn+xgb,5,0.585014,0.250617,0.350908,0.516264,406,288,1197,1214
cnn+gru+lstm+rf+xgb+cnn_lstm,6,0.584975,0.29321,0.390625,0.522705,475,337,1148,1145
cnn+gru+lstm+rf+cnn_lstm,5,0.584882,0.291358,0.388958,0.522383,472,335,1150,1148
cnn+gru+lgbm+logreg+xgb,5,0.58486,0.295679,0.392784,0.523027,479,340,1145,1141
cnn+gru+lgbm+rf+tcn+xgb+cnn_lstm,7,0.58481,0.285185,0.383402,0.521417,462,328,1157,1158
catboost+cnn+gru+rf+tcn+xgb,6,0.584767,0.293827,0.391126,0.522705,476,338,1147,1144
catboost+gru+logreg+lstm+xgb+cnn_lstm,6,0.584746,0.298148,0.39493,0.523349,483,343,1142,1137
catboost+cnn+gru+lgbm+rf+tcn+xgb,7,0.584653,0.296296,0.393281,0.523027,480,341,1144,1140
catboost+lgbm+lstm+rf,4,0.584428,0.384568,0.463887,0.536232,623,443,1042,997
catboost+cnn+gru+lgbm+rf+xgb,6,0.584352,0.295062,0.392125,0.522705,478,340,1145,1142
catboost+cnn+gru+tcn+xgb,5,0.584345,0.267284,0.366794,0.518519,433,308,1177,1187
catboost+cnn+gru+logreg+lstm+rf+tcn+xgb+cnn_lstm,9,0.584305,0.340123,0.429965,0.529469,551,392,1093,1069
catboost+cnn+gru+lgbm+rf+tcn+cnn_lstm,7,0.584296,0.312346,0.40708,0.525282,506,360,1125,1114
cnn+gru+lgbm+logreg+lstm+rf,6,0.58427,0.320988,0.414343,0.52657,520,370,1115,1100
cnn+gru+lgbm+logreg+xgb+cnn_lstm,6,0.584217,0.306173,0.401782,0.524316,496,353,1132,1124
catboost+cnn+gru+lgbm+rf+tcn,6,0.584158,0.291358,0.388797,0.522061,472,336,1149,1148
catboost+cnn+gru+xgb+cnn_lstm,5,0.584082,0.280864,0.379325,0.520451,455,324,1161,1165
catboost+gru+logreg+rf+xgb,5,0.583951,0.291975,0.3893,0.522061,473,337,1148,1147
catboost+gru+logreg+lstm+tcn+xgb+cnn_lstm,7,0.583933,0.300617,0.396903,0.523349,487,347,1138,1133
cnn+gru+lgbm+logreg+rf+tcn+xgb,7,0.583908,0.31358,0.408032,0.525282,508,362,1123,1112
lgbm+rf,2,0.583838,0.35679,0.442912,0.531723,578,412,1073,1042
catboost+cnn+gru+logreg+lstm+rf+xgb,7,0.583784,0.333333,0.424361,0.52818,540,385,1100,1080
catboost+gru+logreg+lstm+rf+xgb,6,0.583738,0.296914,0.393617,0.522705,481,343,1142,1139
catboost+cnn+gru+lgbm+lstm+rf+xgb+cnn_lstm,8,0.583721,0.309877,0.404839,0.524638,502,358,1127,1118
cnn+gru+lstm+rf+tcn+xgb+cnn_lstm,7,0.583639,0.295062,0.391964,0.522383,478,341,1144,1142
catboost+cnn+gru+lgbm+logreg+lstm+cnn_lstm,7,0.58359,0.351235,0.438536,0.530757,569,406,1079,1051
catboost+cnn+gru+rf+xgb+cnn_lstm,6,0.583532,0.301852,0.397884,0.523349,489,349,1136,1131
catboost+cnn+gru+lgbm+rf+tcn+xgb+cnn_lstm,8,0.583532,0.301852,0.397884,0.523349,489,349,1136,1131
catboost+lgbm+lstm+rf+tcn,5,0.583488,0.388272,0.466271,0.536232,629,449,1036,991
catboost+cnn+gru+lgbm+logreg+rf+tcn+xgb+cnn_lstm,9,0.583423,0.334568,0.425265,0.52818,542,387,1098,1078
cnn+gru+logreg+xgb+cnn_lstm,5,0.583333,0.30679,0.402104,0.523994,497,355,1130,1123
catboost+cnn+gru+logreg+lstm+rf+tcn+xgb,8,0.583244,0.335185,0.425715,0.52818,543,388,1097,1077
catboost+cnn+gru+logreg+xgb+cnn_lstm,6,0.583243,0.330864,0.422213,0.527536,536,383,1102,1084
catboost+cnn+gru+lgbm+lstm+rf+tcn+xgb+cnn_lstm,9,0.583238,0.31358,0.407868,0.52496,508,363,1122,1112
cnn+gru+lstm+tcn+xgb+cnn_lstm,6,0.583117,0.27716,0.375732,0.519485,449,321,1164,1171
cnn+gru+lgbm+logreg+tcn+xgb,6,0.58303,0.296914,0.393456,0.522383,481,344,1141,1139
catboost+cnn+gru+lgbm+lstm+tcn,6,0.583012,0.27963,0.377972,0.519807,453,324,1161,1167
catboost+gru+logreg+lstm+cnn_lstm,5,0.583001,0.270988,0.369996,0.518519,439,314,1171,1181
cnn+gru+logreg+lstm+rf+xgb+cnn_lstm,7,0.582965,0.325309,0.417591,0.52657,527,377,1108,1093
catboost+gru+logreg+lstm+rf+tcn+xgb+cnn_lstm,8,0.582944,0.308025,0.403069,0.523994,499,357,1128,1121
gru+lstm+cnn_lstm,3,0.582902,0.138889,0.224327,0.498873,225,161,1324,1395
catboost+cnn+gru+rf+cnn_lstm,5,0.582844,0.306173,0.401457,0.523671,496,355,1130,1124
catboost+gru+lgbm+logreg+lstm+cnn_lstm,6,0.58279,0.275926,0.374529,0.519163,447,320,1165,1173
lstm+rf,2,0.582762,0.367284,0.450587,0.532689,595,426,1059,1025
lgbm+logreg+rf+xgb+cnn_lstm,5,0.58256,0.387654,0.46553,0.535588,628,450,1035,992
catboost+cnn+gru+rf+tcn+xgb+cnn_lstm,7,0.582444,0.303086,0.398701,0.523027,491,352,1133,1129
catboost+cnn+gru+lgbm+lstm+rf+cnn_lstm,7,0.58238,0.314198,0.40818,0.524638,509,365,1120,1111
catboost+gru+logreg+lstm+tcn+cnn_lstm,6,0.582361,0.27716,0.375575,0.519163,449,322,1163,1171
cnn+gru+lgbm+logreg+rf+tcn+cnn_lstm,7,0.582347,0.333951,0.42448,0.527536,541,388,1097,1079
gru+logreg+lstm+tcn+cnn_lstm,5,0.582298,0.231481,0.331272,0.512399,375,269,1216,1245
gru+logreg+tcn+cnn_lstm,4,0.58215,0.17716,0.271652,0.504348,287,206,1279,1333
catboost+cnn+gru+lgbm+lstm+rf+tcn+cnn_lstm,8,0.582106,0.317284,0.410707,0.52496,514,369,1116,1106
catboost+cnn+gru+lgbm+logreg+lstm+rf,7,0.58209,0.337037,0.426896,0.527858,546,392,1093,1074
catboost+gru+logreg+lstm+rf+tcn+xgb,7,0.582036,0.3,0.395927,0.522383,486,349,1136,1134
catboost+cnn+gru+lgbm+logreg+rf+xgb+cnn_lstm,8,0.581976,0.330864,0.421881,0.526892,536,385,1100,1084
lgbm+lstm+xgb,3,0.581967,0.350617,0.437596,0.529791,568,408,1077,1052
cnn+gru+logreg+rf+xgb,5,0.581797,0.311728,0.405949,0.523994,505,363,1122,1115
cnn+gru+lgbm+logreg+lstm+rf+tcn,7,0.581758,0.32284,0.415244,0.525604,523,376,1109,1097
lstm+rf+tcn,3,0.581731,0.373457,0.454887,0.533011,605,435,1050,1015
catboost+cnn+gru+lgbm+lstm+cnn_lstm,6,0.58162,0.296914,0.393134,0.521739,481,346,1139,1139
cnn+gru+logreg+rf,4,0.581609,0.312346,0.406426,0.523994,506,364,1121,1114
catboost+cnn+gru+logreg+lstm+xgb,6,0.581498,0.325926,0.417722,0.525926,528,380,1105,1092
cnn+gru+logreg+lstm+rf+tcn+xgb+cnn_lstm,8,0.581498,0.325926,0.417722,0.525926,528,380,1105,1092
lgbm+lstm+rf+xgb+cnn_lstm,5,0.581489,0.35679,0.442234,0.530435,578,416,1069,1042
cnn+gru+lgbm+lstm+rf+xgb+cnn_lstm,7,0.581481,0.290741,0.387654,0.520773,471,339,1146,1149
lgbm+logreg+rf+tcn+xgb+cnn_lstm,6,0.581331,0.388272,0.465581,0.534944,629,453,1032,991
cnn+gru+lgbm+logreg+rf,5,0.581236,0.31358,0.407378,0.523994,508,366,1119,1112
catboost+cnn+gru+lgbm+logreg+rf+tcn,7,0.581197,0.335802,0.425665,0.527214,544,392,1093,1076
catboost+cnn+gru+lgbm+logreg+lstm+tcn+cnn_lstm,8,0.581136,0.353704,0.439754,0.529791,573,413,1072,1047
catboost+cnn+gru+logreg+tcn+xgb+cnn_lstm,7,0.581096,0.333951,0.424147,0.526892,541,390,1095,1079
catboost+cnn+gru+lgbm+lstm,5,0.581028,0.272222,0.370744,0.517874,441,318,1167,1179
lgbm+rf+tcn+xgb+cnn_lstm,5,0.581,0.358642,0.443511,0.530435,581,419,1066,1039
gru+logreg+lstm+cnn_lstm,4,0.580952,0.225926,0.325333,0.511111,366,264,1221,1254
catboost+cnn+gru+lgbm+logreg+rf,6,0.580819,0.332716,0.423077,0.52657,539,389,1096,1081
lgbm+lstm+tcn+xgb,4,0.580808,0.354938,0.440613,0.529791,575,415,1070,1045
catboost+gru+logreg+rf+tcn+xgb,6,0.580685,0.29321,0.389664,0.520773,475,343,1142,1145
catboost+cnn+gru+lstm+rf+tcn+cnn_lstm,7,0.580682,0.315432,0.4088,0.523994,511,369,1116,1109
lgbm+lstm+rf+tcn+xgb,5,0.580581,0.358025,0.442917,0.530113,580,419,1066,1040
lgbm+rf+xgb,3,0.580513,0.349383,0.436224,0.528824,566,409,1076,1054
cnn+gru+logreg+rf+tcn,5,0.580499,0.316049,0.409273,0.523994,512,370,1115,1108
lgbm+lstm+rf,3,0.580454,0.362963,0.446639,0.530757,588,425,1060,1032
catboost+lstm+tcn+xgb,4,0.5804,0.376543,0.456758,0.532689,610,441,1044,1010
lgbm+logreg+rf+xgb,4,0.580374,0.383333,0.46171,0.533655,621,449,1036,999
catboost+cnn+gru+lstm+rf+cnn_lstm,6,0.580275,0.312346,0.4061,0.523349,506,366,1119,1114
logreg+lstm+rf+xgb+cnn_lstm,5,0.580224,0.383951,0.46211,0.533655,622,450,1035,998
lgbm+rf+tcn+xgb,4,0.580184,0.350617,0.437091,0.528824,568,411,1074,1052
cnn+gru+lgbm+logreg+lstm+cnn_lstm,6,0.580153,0.328395,0.419393,0.525604,532,385,1100,1088
cnn+gru+logreg+rf+tcn+xgb,6,0.580092,0.312963,0.406576,0.523349,507,367,1118,1113
catboost+lstm+xgb,3,0.580058,0.373457,0.454375,0.532045,605,438,1047,1015
lgbm+lstm+rf+tcn+xgb+cnn_lstm,6,0.58,0.358025,0.442748,0.529791,580,420,1065,1040
lgbm+logreg+rf+tcn+xgb,5,0.579926,0.385185,0.462908,0.533655,624,452,1033,996
catboost+cnn+gru+rf+tcn+cnn_lstm,6,0.579861,0.309259,0.403382,0.522705,501,363,1122,1119
lgbm+rf+cnn_lstm,3,0.579792,0.379012,0.45838,0.532689,614,445,1040,1006
lgbm+lstm+rf+tcn,4,0.579556,0.370988,0.45239,0.531401,601,436,1049,1019
cnn+gru+rf+tcn,4,0.579545,0.251852,0.351119,0.514332,408,296,1189,1212
lgbm+lstm+xgb+cnn_lstm,4,0.579523,0.359877,0.444021,0.529791,583,423,1062,1037
catboost+cnn+gru+lgbm+lstm+tcn+cnn_lstm,7,0.579505,0.303704,0.398542,0.521739,492,357,1128,1128
logreg+rf+xgb+cnn_lstm,4,0.579482,0.387037,0.464101,0.533655,627,455,1030,993
lgbm+lstm+rf+xgb,4,0.579477,0.355556,0.440704,0.529147,576,418,1067,1044
logreg+lstm+rf+tcn+xgb+cnn_lstm,6,0.579387,0.385185,0.462736,0.533333,624,453,1032,996
lgbm+rf+xgb+cnn_lstm,4,0.579373,0.353704,0.439249,0.528824,573,416,1069,1047
catboost+lstm+rf,3,0.579343,0.380864,0.45959,0.532689,617,448,1037,1003
cnn+gru+lgbm+lstm,4,0.579341,0.238889,0.338287,0.512399,387,281,1204,1233
catboost+lgbm+logreg+rf+xgb+cnn_lstm,6,0.579235,0.392593,0.467991,0.5343,636,462,1023,984
cnn+gru+lgbm+logreg+rf+tcn,6,0.579186,0.316049,0.408946,0.523349,512,372,1113,1108
lgbm+logreg+lstm+rf,4,0.579181,0.401852,0.47449,0.535588,651,473,1012,969
lgbm+rf+tcn,3,0.579154,0.36358,0.44672,0.530113,589,428,1057,1031
catboost+lgbm+tcn+xgb,4,0.579151,0.37037,0.451807,0.531079,600,436,1049,1020
lgbm+rf+tcn+cnn_lstm,4,0.579093,0.38642,0.463532,0.533333,626,455,1030,994
catboost+lgbm+logreg+lstm+xgb,5,0.579088,0.4,0.473165,0.535266,648,471,1014,972
catboost+gru+lgbm+cnn_lstm,4,0.579088,0.133333,0.216759,0.497262,216,157,1328,1404
cnn+gru+lgbm+logreg+tcn,5,0.579009,0.303086,0.397893,0.521417,491,357,1128,1129
catboost+lstm+rf+tcn,4,0.578996,0.384568,0.462166,0.533011,623,453,1032,997
catboost+logreg+rf+tcn+xgb,5,0.578947,0.393827,0.468773,0.5343,638,464,1021,982
catboost+lgbm+rf+tcn,4,0.578898,0.382716,0.460795,0.532689,620,451,1034,1000
cnn+gru+rf+cnn_lstm,4,0.578879,0.274074,0.372015,0.51723,444,323,1162,1176
cnn+gru+rf,3,0.578871,0.246914,0.34617,0.513366,400,291,1194,1220
catboost+logreg+rf+xgb,4,0.578851,0.391975,0.467427,0.533977,635,462,1023,985
lgbm+lstm+rf+tcn+cnn_lstm,5,0.578848,0.378395,0.457633,0.532045,613,446,1039,1007
catboost+cnn+gru+lgbm+logreg+rf+tcn+xgb,8,0.578831,0.324074,0.415512,0.524316,525,382,1103,1095
catboost+lgbm+lstm+rf+tcn+cnn_lstm,6,0.578804,0.394444,0.469163,0.5343,639,465,1020,981
rf+tcn,2,0.578794,0.367284,0.449396,0.530435,595,433,1052,1025
catboost+lgbm+rf+xgb,4,0.578791,0.360494,0.444275,0.529469,584,425,1060,1036
catboost+lgbm+rf,3,0.578699,0.379012,0.458038,0.532045,614,447,1038,1006
catboost+cnn+gru+lgbm+logreg+lstm+rf+tcn,8,0.578669,0.338272,0.426958,0.526248,548,399,1086,1072
cnn+gru+lgbm+lstm+rf+tcn+xgb+cnn_lstm,8,0.578624,0.290741,0.387017,0.519485,471,343,1142,1149
lgbm+logreg+lstm+rf+tcn,5,0.578578,0.40679,0.477709,0.53591,659,480,1005,961
catboost+lgbm+xgb,3,0.578537,0.366049,0.448393,0.530113,593,432,1053,1027
logreg+rf+tcn+xgb,4,0.578459,0.384568,0.461995,0.532689,623,454,1031,997
catboost+lgbm+logreg+lstm+rf,5,0.57844,0.407407,0.478088,0.53591,660,481,1004,960
catboost+cnn+gru+logreg+lstm+tcn+xgb,7,0.578431,0.327778,0.41844,0.524638,531,387,1098,1089
catboost+lgbm+logreg+rf+tcn+xgb+cnn_lstm,7,0.578422,0.393827,0.468601,0.533977,638,465,1020,982
logreg+rf+xgb,3,0.578404,0.380247,0.458845,0.532045,616,449,1036,1004
lgbm+logreg+lstm+rf+xgb+cnn_lstm,6,0.578404,0.380247,0.458845,0.532045,616,449,1036,1004
catboost+lgbm+logreg+lstm+rf+tcn,6,0.578397,0.409877,0.479769,0.536232,664,484,1001,956
cnn+gru+logreg+rf+xgb+cnn_lstm,6,0.578354,0.316667,0.409254,0.523027,513,374,1111,1107
catboost+cnn+gru+lgbm+logreg+lstm,6,0.578326,0.332716,0.422414,0.525282,539,393,1092,1081
catboost+cnn+gru+lgbm+logreg+lstm+rf+tcn+cnn_lstm,9,0.578301,0.348765,0.435117,0.527536,565,412,1073,1055
cnn+gru+logreg+xgb,4,0.578298,0.289506,0.385849,0.519163,469,342,1143,1151
catboost+cnn+gru+lgbm+logreg+rf+xgb,7,0.578246,0.321605,0.413328,0.523671,521,380,1105,1099
lgbm+lstm,2,0.578237,0.396914,0.470717,0.5343,643,469,1016,977
catboost+lgbm+logreg+lstm+rf+xgb+cnn_lstm,7,0.578125,0.388272,0.464549,0.533011,629,459,1026,991
lgbm+logreg+lstm+rf+tcn+xgb+cnn_lstm,7,0.57811,0.381481,0.45965,0.532045,618,451,1034,1002
catboost+cnn+gru+logreg+lstm+rf+cnn_lstm,7,0.578029,0.347531,0.434079,0.527214,563,411,1074,1057
lstm+rf+tcn+xgb,4,0.578,0.35679,0.441221,0.528502,578,422,1063,1042
catboost+cnn+gru+logreg+rf+tcn+xgb,7,0.577972,0.32716,0.417816,0.524316,530,387,1098,1090
cnn+lstm+rf+xgb+cnn_lstm,5,0.577957,0.398148,0.471491,0.5343,645,471,1014,975
catboost+lgbm+lstm+rf+cnn_lstm,5,0.577839,0.389506,0.465339,0.533011,631,461,1024,989
lgbm+logreg+lstm+rf+cnn_lstm,5,0.577816,0.414815,0.482932,0.536554,672,491,994,948
lgbm+logreg+lstm+rf+tcn+xgb,6,0.577799,0.375926,0.455497,0.531079,609,445,1040,1011
catboost+lgbm+logreg+lstm+tcn+xgb,6,0.577778,0.401235,0.473588,0.534622,650,475,1010,970
lgbm+logreg+lstm+tcn+xgb,5,0.577758,0.394444,0.468819,0.533655,639,467,1018,981
catboost+lgbm+lstm+rf+xgb,5,0.577756,0.362346,0.445372,0.529147,587,429,1056,1033
catboost+cnn+gru+logreg+rf+xgb+cnn_lstm,7,0.577754,0.330247,0.420267,0.524638,535,391,1094,1085
catboost+lgbm+lstm+xgb+cnn_lstm,5,0.577735,0.371605,0.452292,0.530435,602,440,1045,1018
lgbm+logreg+lstm+xgb,4,0.577697,0.390123,0.465733,0.533011,632,462,1023,988
catboost+cnn+gru+logreg+rf+xgb,6,0.577681,0.325926,0.416732,0.523994,528,386,1099,1092
lstm+rf+xgb,3,0.577621,0.353704,0.438744,0.527858,573,419,1066,1047
cnn+gru+logreg+lstm+rf+tcn+cnn_lstm,7,0.577614,0.337654,0.426178,0.525604,547,400,1085,1073
lgbm+lstm+tcn,3,0.577564,0.40679,0.477363,0.535266,659,482,1003,961
logreg+rf+tcn+xgb+cnn_lstm,5,0.577452,0.388889,0.464773,0.532689,630,461,1024,990
cnn+gru+logreg+lstm+rf+cnn_lstm,6,0.577419,0.331481,0.421176,0.524638,537,393,1092,1083
cnn+gru+lgbm+logreg+lstm+rf+cnn_lstm,7,0.577419,0.331481,0.421176,0.524638,537,393,1092,1083
lgbm+xgb,2,0.57732,0.345679,0.432432,0.52657,560,410,1075,1060
cnn+gru+rf+tcn+cnn_lstm,5,0.57732,0.276543,0.373957,0.516908,448,328,1157,1172
cnn+lgbm+lstm+rf+tcn+xgb+cnn_lstm,7,0.577301,0.398765,0.471705,0.533977,646,473,1012,974
catboost+lgbm+rf+xgb+cnn_lstm,5,0.577299,0.364198,0.446631,0.529147,590,432,1053,1030
catboost+lgbm+rf+tcn+xgb+cnn_lstm,6,0.577259,0.366667,0.448471,0.529469,594,435,1050,1026
cnn+gru+lgbm+logreg+lstm+tcn+cnn_lstm,7,0.577253,0.332099,0.42163,0.524638,538,394,1091,1082
catboost+gru+logreg+tcn+cnn_lstm,5,0.577201,0.246914,0.345871,0.512721,400,293,1192,1220
catboost+cnn+gru+logreg+rf,5,0.577167,0.337037,0.425565,0.525282,546,400,1085,1074
catboost+cnn+gru+lgbm+logreg+lstm+tcn,7,0.577167,0.337037,0.425565,0.525282,546,400,1085,1074
catboost+logreg+lstm+rf,4,0.57699,0.411728,0.480548,0.535588,667,489,996,953
catboost+rf,2,0.576923,0.37963,0.45793,0.531079,615,451,1034,1005
catboost+cnn+gru+logreg+rf+tcn,6,0.576842,0.338272,0.426459,0.525282,548,402,1083,1072
catboost+cnn+gru+lgbm+cnn_lstm,5,0.576829,0.291975,0.387705,0.518841,473,347,1138,1147
cnn+lgbm+lstm+rf+xgb+cnn_lstm,6,0.576819,0.396296,0.469813,0.533333,642,471,1014,978
catboost+lgbm+rf+tcn+xgb,5,0.576772,0.361728,0.444613,0.528502,586,430,1055,1034
catboost+cnn+gru+lgbm+logreg+lstm+rf+cnn_lstm,8,0.576725,0.345679,0.432266,0.526248,560,411,1074,1060
rf+tcn+xgb,3,0.57665,0.350617,0.436084,0.526892,568,417,1068,1052
catboost+cnn+gru+lgbm+logreg+rf+cnn_lstm,7,0.576605,0.343827,0.430781,0.525926,557,409,1076,1063
cnn+gru+lgbm+logreg+lstm+rf+tcn+cnn_lstm,8,0.576596,0.334568,0.423438,0.524638,542,398,1087,1078
lgbm+lstm+rf+cnn_lstm,4,0.576448,0.374691,0.454171,0.530113,607,446,1039,1013
catboost+cnn+lgbm+rf+xgb,5,0.576395,0.388889,0.464431,0.532045,630,463,1022,990
catboost+cnn+gru+logreg+lstm+rf+tcn+cnn_lstm,8,0.57634,0.351852,0.436949,0.526892,570,419,1066,1050
cnn+lgbm+logreg+lstm+rf+xgb,6,0.576316,0.405556,0.476087,0.5343,657,483,1002,963
cnn+gru+lgbm+logreg+lstm,5,0.576251,0.305556,0.399355,0.520451,495,364,1121,1125
cnn+gru+logreg+rf+tcn+xgb+cnn_lstm,7,0.576233,0.317284,0.409236,0.522061,514,378,1107,1106
catboost+lgbm,2,0.576214,0.424691,0.488984,0.536876,688,506,979,932
catboost+cnn+lgbm+logreg+rf+xgb,6,0.576199,0.415432,0.482783,0.535588,673,495,990,947
catboost+lgbm+lstm+rf+tcn+xgb,6,0.576172,0.364198,0.446293,0.528502,590,434,1051,1030
lgbm+logreg+lstm+rf+tcn+cnn_lstm,6,0.57617,0.417901,0.484436,0.53591,677,498,987,943
logreg+rf,2,0.576142,0.42037,0.486081,0.536232,681,501,984,939
cnn+lstm+rf+tcn+xgb+cnn_lstm,6,0.576106,0.401852,0.473455,0.533655,651,479,1006,969
rf+xgb,2,0.576098,0.348148,0.434013,0.526248,564,415,1070,1056
gru+lstm+tcn+cnn_lstm,4,0.57606,0.142593,0.2286,0.497907,231,170,1315,1389
lgbm+lstm+tcn+xgb+cnn_lstm,5,0.576055,0.362346,0.444865,0.52818,587,432,1053,1033
catboost+lgbm+lstm+tcn+xgb+cnn_lstm,6,0.576046,0.374074,0.453593,0.529791,606,446,1039,1014
cnn+gru+logreg+tcn+xgb,5,0.575942,0.292593,0.388047,0.518519,474,349,1136,1146
lgbm+logreg+lstm+rf+xgb,5,0.575931,0.372222,0.452193,0.529469,603,444,1041,1017
catboost+rf+tcn,3,0.575926,0.383951,0.460741,0.531079,622,458,1027,998
catboost+cnn+lgbm+lstm+rf+tcn+xgb+cnn_lstm,8,0.575865,0.400617,0.472515,0.533333,649,478,1007,971
rf+xgb+cnn_lstm,3,0.575727,0.354321,0.43867,0.526892,574,423,1062,1046
cnn+gru+lgbm+rf+cnn_lstm,5,0.575718,0.272222,0.369656,0.51562,441,325,1160,1179
catboost+lgbm+lstm+xgb,4,0.575639,0.361728,0.444276,0.527858,586,432,1053,1034
cnn+lgbm+logreg+rf+xgb,5,0.575546,0.40679,0.476673,0.533977,659,486,999,961
catboost+cnn+lgbm+logreg+lstm+rf+xgb,7,0.575521,0.409259,0.478355,0.5343,663,489,996,957
catboost+lstm+rf+xgb,4,0.57549,0.362346,0.444697,0.527858,587,433,1052,1033
catboost+cnn+gru+logreg+lstm+tcn+cnn_lstm,7,0.57549,0.362346,0.444697,0.527858,587,433,1052,1033
catboost+cnn+gru+logreg+lstm+rf+tcn,7,0.575472,0.338889,0.426573,0.524638,549,405,1080,1071
catboost+rf+tcn+xgb,4,0.575463,0.364815,0.446543,0.52818,591,436,1049,1029
catboost+lgbm+lstm+rf+tcn+xgb+cnn_lstm,7,0.575463,0.364815,0.446543,0.52818,591,436,1049,1029
catboost+cnn+lgbm+rf+tcn+xgb,6,0.575455,0.390741,0.465441,0.531723,633,467,1018,987
catboost+cnn+gru+logreg+rf+tcn+cnn_lstm,7,0.575425,0.355556,0.439527,0.526892,576,425,1060,1044
catboost+lgbm+tcn,3,0.575342,0.440741,0.499126,0.538486,714,527,958,906
catboost+lgbm+logreg+rf+tcn+xgb,6,0.575342,0.388889,0.464088,0.531401,630,465,1020,990
catboost+lgbm+logreg+lstm+rf+tcn+xgb+cnn_lstm,8,0.575342,0.388889,0.464088,0.531401,630,465,1020,990
catboost+rf+xgb+cnn_lstm,4,0.575342,0.362963,0.445117,0.527858,588,434,1051,1032
catboost+cnn+gru+logreg+lstm+cnn_lstm,6,0.575248,0.358642,0.441825,0.527214,581,429,1056,1039
catboost+lgbm+lstm+rf+xgb+cnn_lstm,6,0.575221,0.361111,0.443686,0.527536,585,432,1053,1035
cnn+gru+lgbm+logreg,4,0.575211,0.295062,0.390045,0.518519,478,353,1132,1142
catboost+lgbm+logreg+rf+xgb,5,0.575092,0.387654,0.463127,0.531079,628,464,1021,992
lgbm+tcn+xgb,3,0.575051,0.35,0.43515,0.525926,567,419,1066,1053
catboost+lgbm+lstm+tcn+xgb,5,0.575049,0.364198,0.445956,0.527858,590,436,1049,1030
catboost+logreg+rf+xgb+cnn_lstm,5,0.575045,0.392593,0.466618,0.531723,636,470,1015,984
cnn+lgbm+logreg+lstm+rf+tcn+xgb,7,0.575044,0.40679,0.4765,0.533655,659,487,998,961
catboost+cnn+gru+lgbm+tcn+cnn_lstm,6,0.57503,0.295679,0.390542,0.518519,479,354,1131,1141
catboost+logreg+rf+tcn+xgb+cnn_lstm,6,0.575022,0.395062,0.46835,0.532045,640,473,1012,980
catboost+cnn+lgbm+lstm+rf+xgb+cnn_lstm,7,0.575,0.397531,0.470073,0.532367,644,476,1009,976
cnn+gru+lgbm+lstm+tcn,5,0.574964,0.243827,0.342436,0.511433,395,292,1193,1225
catboost+cnn+lstm+rf+xgb+cnn_lstm,6,0.574956,0.402469,0.473493,0.533011,652,482,1003,968
lgbm+xgb+cnn_lstm,3,0.574951,0.359877,0.442673,0.527214,583,431,1054,1037
catboost+cnn+gru+logreg+rf+tcn+xgb+cnn_lstm,8,0.574946,0.331481,0.420517,0.523349,537,397,1088,1083
logreg+lstm+xgb,3,0.574932,0.390741,0.46527,0.531401,633,468,1017,987
catboost+cnn+lgbm+lstm+rf+xgb,6,0.574932,0.390741,0.46527,0.531401,633,468,1017,987
lgbm+logreg+rf,3,0.574892,0.409877,0.478559,0.533977,664,491,994,956
cnn+lgbm+logreg+rf+tcn+xgb,6,0.574892,0.409877,0.478559,0.533977,664,491,994,956
catboost+cnn+gru+lgbm+logreg+xgb,6,0.57483,0.312963,0.405276,0.520773,507,375,1110,1113
catboost+cnn+gru+logreg+rf+cnn_lstm,6,0.574747,0.351235,0.436015,0.525926,569,421,1064,1051
catboost+logreg+lstm+rf+tcn,5,0.574722,0.415432,0.482264,0.534622,673,498,987,947
catboost+gru,2,0.574713,0.030864,0.058582,0.482448,50,37,1448,1570
cnn+lgbm+lstm+xgb+cnn_lstm,5,0.574633,0.411111,0.479309,0.533977,666,493,992,954
catboost+gru+logreg+cnn_lstm,4,0.574627,0.237654,0.336245,0.510467,385,285,1200,1235
cnn+lstm+rf+tcn+xgb,5,0.574565,0.387654,0.462956,0.530757,628,465,1020,992
logreg+lstm+xgb+cnn_lstm,4,0.574487,0.397531,0.469901,0.532045,644,477,1008,976
catboost+lstm+rf+tcn+xgb,5,0.574364,0.362346,0.44436,0.527214,587,435,1050,1033
catboost+cnn+logreg+lstm+rf+xgb+cnn_lstm,7,0.574342,0.417284,0.483375,0.534622,676,501,984,944
catboost+cnn+gru+lgbm,4,0.574286,0.248148,0.346552,0.511755,402,298,1187,1218
rf+tcn+cnn_lstm,3,0.574275,0.391358,0.465492,0.531079,634,470,1015,986
catboost+cnn+lgbm+logreg+lstm+rf+tcn+xgb,8,0.574266,0.410494,0.478762,0.533655,665,493,992,955
catboost+rf+xgb,3,0.574238,0.360494,0.442928,0.526892,584,433,1052,1036
cnn+gru+lgbm+logreg+lstm+tcn,6,0.574223,0.308025,0.400964,0.519807,499,370,1115,1121
logreg+lstm+tcn+xgb+cnn_lstm,5,0.574205,0.401235,0.472384,0.532367,650,482,1003,970
catboost+cnn+gru+logreg+tcn+xgb,6,0.574157,0.315432,0.407171,0.520773,511,379,1106,1109
lgbm+logreg+lstm+xgb+cnn_lstm,5,0.574141,0.391975,0.465884,0.531079,635,471,1014,985
catboost+logreg+rf+tcn+cnn_lstm,5,0.57403,0.447531,0.502948,0.538486,725,538,947,895
catboost+cnn+lstm+rf+tcn+xgb,6,0.574007,0.392593,0.466276,0.531079,636,472,1013,984
catboost+cnn+lgbm+lstm+rf+tcn+xgb,7,0.574007,0.392593,0.466276,0.531079,636,472,1013,984
catboost+logreg+lstm+rf+xgb,5,0.573953,0.380864,0.457885,0.529469,617,458,1027,1003
catboost+cnn+lstm+rf+tcn+xgb+cnn_lstm,7,0.573928,0.404938,0.474846,0.532689,656,487,998,964
lgbm+logreg+rf+tcn+cnn_lstm,5,0.573906,0.429012,0.490993,0.53591,695,516,969,925
catboost+logreg+lstm+rf+xgb+cnn_lstm,6,0.573905,0.388272,0.463181,0.530435,629,467,1018,991
catboost+cnn+gru+lgbm+logreg+cnn_lstm,6,0.573869,0.352469,0.436711,0.525604,571,424,1061,1049
catboost+lgbm+logreg+lstm,4,0.573846,0.460494,0.510959,0.540097,746,554,931,874
catboost+cnn+gru+lgbm+logreg+tcn+xgb,7,0.573844,0.314198,0.406063,0.520451,509,378,1107,1111
logreg+lstm+rf,3,0.573814,0.403086,0.473532,0.532367,653,485,1000,967
rf+cnn_lstm,2,0.573801,0.383951,0.460059,0.529791,622,462,1023,998
cnn+gru+logreg+lstm+rf+tcn,6,0.57377,0.324074,0.414201,0.521739,525,390,1095,1095
lgbm+logreg+lstm+tcn+xgb+cnn_lstm,6,0.573741,0.393827,0.467057,0.531079,638,474,1011,982
lstm+xgb,2,0.573689,0.358025,0.440897,0.526248,580,431,1054,1040
catboost+rf+tcn+xgb+cnn_lstm,5,0.573643,0.365432,0.446456,0.527214,592,440,1045,1028
catboost+lstm+rf+tcn+xgb+cnn_lstm,6,0.573643,0.365432,0.446456,0.527214,592,440,1045,1028
catboost+logreg+lstm+rf+tcn+xgb+cnn_lstm,7,0.573636,0.389506,0.463971,0.530435,631,469,1016,989
logreg+rf+tcn,3,0.573566,0.425926,0.488842,0.535266,690,513,972,930
catboost+lgbm+logreg+lstm+rf+xgb,6,0.573557,0.380247,0.457313,0.529147,616,458,1027,1004
cnn+lgbm+lstm+rf+xgb,5,0.573543,0.382716,0.459089,0.529469,620,461,1024,1000
catboost+lgbm+logreg+lstm+rf+tcn+xgb,7,0.573543,0.382716,0.459089,0.529469,620,461,1024,1000
catboost+cnn+lgbm+rf+xgb+cnn_lstm,6,0.573464,0.397531,0.469559,0.531401,644,479,1006,976
catboost+logreg+rf+tcn,4,0.573432,0.429012,0.490819,0.535588,695,517,968,925
catboost+cnn+gru+lgbm+logreg+tcn,6,0.573404,0.332716,0.421094,0.522705,539,401,1084,1081
cnn+gru+logreg+rf+tcn+cnn_lstm,6,0.57339,0.335185,0.423062,0.523027,543,404,1081,1077
cnn+lgbm+lstm+tcn+xgb+cnn_lstm,6,0.573367,0.417284,0.48303,0.533977,676,503,982,944
cnn+gru+lgbm+rf+tcn+cnn_lstm,6,0.573265,0.275309,0.371977,0.514976,446,332,1153,1174
catboost+cnn+gru+lgbm+logreg+rf+tcn+cnn_lstm,8,0.573183,0.345679,0.431267,0.524316,560,417,1068,1060
cnn+logreg+lstm+rf+xgb,5,0.573171,0.406173,0.475434,0.532367,658,490,995,962
cnn+lstm+rf+xgb,4,0.573137,0.384568,0.460288,0.529469,623,464,1021,997
rf+tcn+xgb+cnn_lstm,4,0.573134,0.355556,0.438857,0.525604,576,429,1056,1044
catboost+cnn+lgbm+logreg+rf+tcn+xgb,7,0.573129,0.416049,0.482117,0.533655,674,502,983,946
cnn+rf+xgb,3,0.573126,0.387037,0.462049,0.529791,627,467,1018,993
cnn+rf+tcn+xgb,4,0.573115,0.389506,0.4638,0.530113,631,470,1015,989
lgbm+logreg+rf+cnn_lstm,4,0.573099,0.423457,0.487043,0.534622,686,511,974,934
catboost+logreg+rf,3,0.57309,0.425926,0.488669,0.534944,690,514,971,930
catboost+cnn+gru+logreg+xgb,5,0.573046,0.312346,0.404315,0.519807,506,377,1108,1114
catboost+logreg+rf+cnn_lstm,4,0.573025,0.44321,0.499826,0.537198,718,535,950,902
lgbm+logreg+rf+tcn,4,0.573015,0.414198,0.480831,0.533333,671,500,985,949
cnn+lgbm+logreg+lstm+rf+xgb+cnn_lstm,7,0.573015,0.414198,0.480831,0.533333,671,500,985,949
catboost+cnn+lstm+rf+xgb,5,0.572993,0.387654,0.462445,0.529791,628,468,1017,992
catboost+cnn+gru+logreg+lstm+rf,6,0.572939,0.334568,0.422447,0.522705,542,404,1081,1078
catboost+cnn+rf+xgb,4,0.572842,0.39321,0.466325,0.530435,637,475,1010,983
lgbm+tcn+xgb+cnn_lstm,4,0.572816,0.364198,0.445283,0.52657,590,440,1045,1030
cnn+logreg+lstm+rf+tcn+xgb+cnn_lstm,7,0.572758,0.417901,0.483226,0.533655,677,505,980,943
cnn+logreg+rf+xgb+cnn_lstm,5,0.572742,0.42284,0.486506,0.5343,685,511,974,935
cnn+lgbm+logreg+lstm+rf+tcn+xgb+cnn_lstm,8,0.572642,0.416049,0.481945,0.533333,674,503,982,946
logreg+lstm+rf+tcn+xgb,5,0.572626,0.37963,0.45657,0.528502,615,459,1026,1005
catboost+logreg+lstm+rf+tcn+xgb,6,0.572618,0.382099,0.458349,0.528824,619,462,1023,1001
catboost+lgbm+rf+tcn+cnn_lstm,5,0.572581,0.394444,0.467105,0.530435,639,477,1008,981
catboost+lgbm+logreg+lstm+tcn+xgb+cnn_lstm,7,0.572559,0.401852,0.472252,0.531401,651,486,999,969
cnn+lgbm+lstm+tcn+xgb,5,0.572546,0.40679,0.475641,0.532045,659,492,993,961
catboost+cnn+lgbm+logreg+lstm+rf+tcn+xgb+cnn_lstm,9,0.572519,0.416667,0.482315,0.533333,675,504,981,945
catboost+cnn+logreg+lstm+rf+tcn+xgb+cnn_lstm,8,0.572513,0.419136,0.483963,0.533655,679,507,978,941
catboost+cnn+rf+tcn+xgb,5,0.572451,0.395062,0.467495,0.530435,640,478,1007,980
catboost+cnn+gru+lgbm+logreg+tcn+cnn_lstm,7,0.572421,0.356173,0.439117,0.525282,577,431,1054,1043
catboost+lgbm+rf+cnn_lstm,4,0.572333,0.390741,0.464417,0.529791,633,473,1012,987
logreg+lstm+tcn+xgb,4,0.572327,0.39321,0.466154,0.530113,637,476,1009,983
cnn+lgbm+lstm+xgb,4,0.572305,0.403086,0.473017,0.531401,653,488,997,967
catboost+logreg+lstm+tcn+xgb,5,0.572305,0.403086,0.473017,0.531401,653,488,997,967
logreg+lstm+rf+xgb,4,0.572233,0.376543,0.454207,0.527858,610,456,1029,1010
logreg+lstm+rf+tcn+cnn_lstm,5,0.572148,0.420988,0.485064,0.533655,682,510,975,938
catboost+rf+tcn+cnn_lstm,4,0.572045,0.409259,0.47715,0.532045,663,496,989,957
catboost+lgbm+logreg+lstm+rf+tcn+cnn_lstm,7,0.572034,0.416667,0.482143,0.533011,675,505,980,945
catboost+lstm+rf+xgb+cnn_lstm,5,0.571984,0.362963,0.444109,0.525926,588,440,1045,1032
catboost+cnn+gru+lgbm+logreg,5,0.571895,0.324074,0.413712,0.520773,525,393,1092,1095
catboost+cnn+lgbm+logreg+lstm+xgb,6,0.571893,0.434568,0.493862,0.535266,704,527,958,916
catboost+cnn+lgbm+rf+tcn+xgb+cnn_lstm,7,0.571806,0.400617,0.471143,0.530757,649,486,999,971
cnn+gru+lgbm+lstm+tcn+cnn_lstm,6,0.571798,0.27284,0.369411,0.51401,442,331,1154,1178
lstm+rf+xgb+cnn_lstm,4,0.571715,0.351852,0.435613,0.524316,570,427,1058,1050
catboost+logreg+lstm+xgb,4,0.57168,0.401235,0.471527,0.530757,650,487,998,970
cnn+logreg+rf+tcn+xgb+cnn_lstm,6,0.571665,0.425926,0.48815,0.533977,690,517,968,930
catboost+lgbm+logreg+rf+cnn_lstm,5,0.571664,0.428395,0.489767,0.5343,694,520,965,926
catboost+lgbm+logreg+rf+tcn+cnn_lstm,6,0.571661,0.433333,0.492978,0.534944,702,526,959,918
cnn+gru+logreg+rf+cnn_lstm,5,0.57158,0.332716,0.420601,0.521739,539,404,1081,1081
cnn+gru+logreg+lstm+tcn+cnn_lstm,6,0.57158,0.332716,0.420601,0.521739,539,404,1081,1081
catboost+rf+cnn_lstm,3,0.571554,0.401852,0.47191,0.530757,651,488,997,969
catboost+lgbm+logreg+lstm+rf+cnn_lstm,6,0.57155,0.414198,0.480315,0.532367,671,503,982,949
catboost+cnn+lgbm+logreg+lstm+tcn+xgb,7,0.571544,0.43642,0.494925,0.535266,707,530,955,913
cnn+logreg+lstm+rf+tcn+xgb,6,0.571429,0.407407,0.475676,0.531401,660,495,990,960
lstm+rf+tcn+xgb+cnn_lstm,5,0.571429,0.355556,0.438356,0.524638,576,432,1053,1044
cnn+gru+logreg,3,0.571262,0.301852,0.394992,0.517552,489,367,1118,1131
cnn+logreg+lstm+rf+xgb+cnn_lstm,6,0.571185,0.41358,0.479771,0.532045,670,503,982,950
catboost+cnn+rf+xgb+cnn_lstm,5,0.571178,0.401235,0.471356,0.530435,650,488,997,970
lgbm+logreg+xgb+cnn_lstm,4,0.571174,0.396296,0.46793,0.529791,642,482,1003,978
cnn+lgbm+lstm+rf+tcn+xgb,6,0.571166,0.383951,0.45921,0.52818,622,467,1018,998
catboost+lgbm+logreg+rf,4,0.571066,0.416667,0.481799,0.532367,675,507,978,945
catboost+cnn+lgbm+logreg+lstm+rf+xgb+cnn_lstm,8,0.571064,0.414198,0.480143,0.532045,671,504,981,949
catboost+cnn+logreg+lstm+rf+xgb,6,0.571057,0.40679,0.475126,0.531079,659,495,990,961
lgbm+logreg+xgb,3,0.571046,0.394444,0.466594,0.529469,639,480,1005,981
catboost+cnn+logreg+lstm+tcn+xgb,6,0.57097,0.439506,0.496686,0.535266,712,535,950,908
catboost+lgbm+logreg+lstm+tcn,5,0.570887,0.464815,0.512419,0.538486,753,566,919,867
catboost+lgbm+logreg+lstm+xgb+cnn_lstm,6,0.570796,0.398148,0.469091,0.529791,645,485,1000,975
cnn+gru+logreg+lstm+rf,5,0.570796,0.318519,0.408875,0.519485,516,388,1097,1104
cnn+lgbm+logreg+rf,4,0.570793,0.475309,0.518693,0.539775,770,579,906,850
cnn+lgbm+rf+xgb,4,0.570768,0.380864,0.456868,0.527536,617,464,1021,1003
lstm+xgb+cnn_lstm,3,0.570732,0.361111,0.442344,0.52496,585,440,1045,1035
catboost+cnn+logreg+lstm+rf+tcn+xgb,7,0.57069,0.408642,0.476259,0.531079,662,498,987,958
lgbm+logreg+tcn+xgb,4,0.570671,0.398765,0.469477,0.529791,646,486,999,974
cnn+gru+logreg+lstm+cnn_lstm,5,0.570664,0.329012,0.417384,0.520773,533,401,1084,1087
lgbm+logreg+lstm,3,0.570661,0.458642,0.508556,0.53752,743,559,926,877
lstm+rf+tcn+cnn_lstm,4,0.570637,0.381481,0.45727,0.527536,618,465,1020,1002
cnn+lgbm+lstm+rf+cnn_lstm,5,0.570612,0.431481,0.491388,0.533977,699,526,959,921
catboost+cnn+logreg+rf+xgb+cnn_lstm,6,0.570588,0.419136,0.483274,0.532367,679,511,974,941
lgbm+logreg+lstm+tcn+cnn_lstm,5,0.570575,0.471605,0.516391,0.53913,764,575,910,856
cnn+lgbm+logreg+lstm+xgb+cnn_lstm,6,0.570508,0.437037,0.494932,0.534622,708,533,952,912
logreg+lstm+rf+cnn_lstm,4,0.570464,0.417284,0.481996,0.532045,676,509,976,944
cnn+lgbm+logreg+rf+xgb+cnn_lstm,6,0.570458,0.414815,0.480343,0.531723,672,506,979,948
lstm+tcn+xgb,3,0.57045,0.359877,0.441332,0.524638,583,439,1046,1037
lstm+rf+cnn_lstm,3,0.570356,0.375309,0.452718,0.52657,608,458,1027,1012
catboost+logreg+lstm+tcn+xgb+cnn_lstm,6,0.570319,0.408025,0.475711,0.530757,661,498,987,959
catboost+logreg+lstm+xgb+cnn_lstm,5,0.570306,0.403086,0.472333,0.530113,653,492,993,967
catboost+cnn+gru+lstm+tcn,5,0.570302,0.267901,0.364553,0.512721,434,327,1158,1186
logreg+xgb,2,0.570292,0.398148,0.46892,0.529469,645,486,999,975
catboost+cnn+gru+logreg+tcn,5,0.570265,0.345679,0.430438,0.522705,560,422,1063,1060
catboost+cnn+lgbm+lstm+xgb+cnn_lstm,6,0.57022,0.416049,0.481085,0.531723,674,508,977,946
logreg+lstm+rf+tcn,4,0.570183,0.403704,0.472714,0.530113,654,493,992,966
catboost+lgbm+logreg+xgb,4,0.570175,0.401235,0.471014,0.529791,650,490,995,970
catboost+cnn+logreg+lstm+xgb,5,0.570048,0.437037,0.494759,0.5343,708,534,951,912
catboost+cnn+rf+tcn+xgb+cnn_lstm,6,0.56993,0.402469,0.47178,0.529791,652,492,993,968
catboost+logreg+xgb+cnn_lstm,4,0.569856,0.415432,0.480543,0.531401,673,508,977,947
catboost+cnn+lgbm+lstm+xgb,5,0.569837,0.410494,0.477216,0.530757,665,502,983,955
catboost+cnn+gru+lgbm+tcn,5,0.569832,0.251852,0.349315,0.510467,408,308,1177,1212
catboost+cnn+lgbm+lstm+tcn+xgb+cnn_lstm,7,0.569748,0.418519,0.482562,0.531723,678,512,973,942
cnn+lgbm+rf+tcn+xgb,5,0.569725,0.383333,0.458303,0.527214,621,469,1016,999
xgb+cnn_lstm,2,0.569645,0.366049,0.445697,0.52496,593,448,1037,1027
cnn+logreg+lstm+tcn+xgb,5,0.5696,0.439506,0.496167,0.5343,712,538,947,908
cnn+lgbm+lstm+rf+tcn+cnn_lstm,6,0.569579,0.434568,0.492997,0.533655,704,532,953,916
catboost+cnn+lgbm+logreg+lstm+rf,6,0.569521,0.447531,0.50121,0.535266,725,548,937,895
catboost+lgbm+logreg+rf+tcn,5,0.569514,0.419753,0.483298,0.531723,680,514,971,940
logreg+rf+cnn_lstm,3,0.569489,0.440123,0.496518,0.5343,713,539,946,907
cnn+logreg+rf,3,0.569484,0.490741,0.527188,0.540741,795,601,884,825
cnn+logreg+rf+xgb,4,0.569468,0.409877,0.476669,0.530435,664,502,983,956
cnn+logreg+lstm+xgb,4,0.569467,0.435185,0.493352,0.533655,705,533,952,915
catboost+cnn+logreg+rf+tcn+xgb+cnn_lstm,7,0.56941,0.42284,0.485299,0.532045,685,518,967,935
cnn+lgbm+logreg+lstm+rf+tcn,6,0.569326,0.453704,0.504981,0.53591,735,556,929,885
cnn+lgbm+logreg+lstm+rf,5,0.569303,0.448765,0.501899,0.535266,727,550,935,893
cnn+logreg+rf+tcn+xgb,5,0.569113,0.411728,0.477794,0.530435,667,505,980,953
logreg+rf+tcn+cnn_lstm,4,0.569061,0.445062,0.49948,0.534622,721,546,939,899
lgbm+logreg+lstm+cnn_lstm,4,0.569044,0.462963,0.510551,0.536876,750,568,917,870
catboost+logreg+tcn+xgb+cnn_lstm,5,0.568908,0.417901,0.481851,0.531079,677,513,972,943
cnn+rf+tcn+xgb+cnn_lstm,5,0.568905,0.397531,0.468023,0.528502,644,488,997,976
cnn+lgbm+logreg+rf+tcn+xgb+cnn_lstm,7,0.568893,0.415432,0.4802,0.530757,673,510,975,947
catboost+cnn+lstm+xgb+cnn_lstm,5,0.568838,0.425926,0.487116,0.532045,690,523,962,930
lgbm+logreg+lstm+tcn,4,0.568835,0.464198,0.511217,0.536876,752,570,915,868
cnn+gru+lgbm+logreg+cnn_lstm,5,0.568817,0.326543,0.414902,0.519485,529,401,1084,1091
cnn+lgbm+logreg+lstm+tcn+xgb+cnn_lstm,7,0.568815,0.441358,0.497046,0.533977,715,542,943,905
catboost+lgbm+lstm,3,0.568792,0.418519,0.482219,0.531079,678,514,971,942
catboost+cnn+lgbm+lstm+rf,5,0.56874,0.429012,0.489092,0.532367,695,527,958,925
cnn+gru+lgbm+lstm+cnn_lstm,5,0.568627,0.268519,0.36478,0.512077,435,330,1155,1185
catboost+lgbm+tcn+xgb+cnn_lstm,5,0.5685,0.376543,0.453026,0.525604,610,463,1022,1010
lgbm+lstm+cnn_lstm,3,0.568458,0.404938,0.472963,0.529147,656,498,987,964
cnn+lgbm+lstm+rf,4,0.568447,0.42037,0.483322,0.531079,681,517,968,939
catboost+logreg+lstm+rf+cnn_lstm,5,0.568447,0.42037,0.483322,0.531079,681,517,968,939
lgbm+logreg+tcn+xgb+cnn_lstm,5,0.568421,0.4,0.469565,0.528502,648,492,993,972
catboost+lgbm+xgb+cnn_lstm,4,0.568332,0.372222,0.449832,0.52496,603,458,1027,1017
catboost+cnn+lgbm+lstm+tcn+xgb,6,0.568259,0.411111,0.477077,0.529791,666,506,979,954
catboost+logreg+lstm+rf+tcn+cnn_lstm,6,0.56822,0.421605,0.484054,0.531079,683,519,966,937
catboost+cnn+gru+lstm,4,0.568151,0.259877,0.356629,0.510789,421,320,1165,1199
catboost+lgbm+logreg+tcn+xgb,5,0.568083,0.404321,0.472413,0.528824,655,498,987,965
catboost+cnn+lgbm+logreg+rf,5,0.568012,0.469136,0.513861,0.536876,760,578,907,860
catboost+cnn+lgbm+lstm+rf+tcn,6,0.567961,0.433333,0.491597,0.532367,702,534,951,918
catboost+lstm+tcn+xgb+cnn_lstm,5,0.567948,0.374074,0.451061,0.52496,606,461,1024,1014
catboost+cnn+logreg+rf,4,0.567937,0.487654,0.524743,0.53913,790,601,884,830
cnn+lstm+xgb,3,0.567848,0.405556,0.473172,0.528824,657,500,985,963
cnn+gru+logreg+lstm,4,0.567845,0.307407,0.398879,0.516586,498,379,1106,1122
cnn+lgbm+logreg+lstm+rf+cnn_lstm,6,0.567835,0.459877,0.508186,0.535588,745,567,918,875
cnn+lgbm+logreg+lstm+xgb,5,0.567831,0.431481,0.490354,0.532045,699,532,953,921
catboost+cnn+logreg+rf+tcn+xgb,6,0.567797,0.41358,0.478571,0.529791,670,510,975,950
catboost+cnn+logreg+rf+xgb,5,0.567775,0.411111,0.476907,0.529469,666,507,978,954
cnn+lgbm+logreg+rf+cnn_lstm,5,0.567742,0.488889,0.525373,0.53913,792,603,882,828
cnn+rf+xgb+cnn_lstm,4,0.567736,0.39321,0.464624,0.527214,637,485,1000,983
catboost+cnn+rf,3,0.567732,0.460494,0.508521,0.535588,746,568,917,874
catboost+lgbm+logreg+lstm+tcn+cnn_lstm,6,0.567728,0.473457,0.516324,0.537198,767,584,901,853
catboost+lgbm+logreg+lstm+cnn_lstm,5,0.567669,0.466049,0.511864,0.536232,755,575,910,865
catboost+cnn+logreg+lstm+rf+tcn+cnn_lstm,7,0.567608,0.471605,0.515172,0.536876,764,582,903,856
cnn+lgbm+logreg+rf+tcn,5,0.567548,0.47716,0.518444,0.53752,773,589,896,847
catboost+lgbm+lstm+tcn,4,0.567545,0.425309,0.486239,0.531079,689,525,960,931
cnn+lgbm+logreg+lstm+rf+tcn+cnn_lstm,7,0.567527,0.461728,0.50919,0.535588,748,570,915,872
catboost+cnn+gru+logreg,4,0.567427,0.337654,0.423375,0.520129,547,417,1068,1073
catboost+cnn+lgbm+logreg+lstm+rf+tcn,7,0.567337,0.452469,0.503434,0.5343,733,559,926,887
catboost+cnn+lgbm+logreg+rf+tcn,6,0.567329,0.475926,0.517623,0.537198,771,588,897,849
cnn+lstm+rf+tcn,4,0.567308,0.437037,0.493724,0.532367,708,540,945,912
cnn+lgbm+logreg+lstm+tcn+xgb,6,0.567284,0.434568,0.492136,0.532045,704,537,948,916
catboost+cnn+logreg+lstm+rf+cnn_lstm,6,0.567265,0.468519,0.513185,0.536232,759,579,906,861
lstm+tcn+xgb+cnn_lstm,4,0.567179,0.364815,0.444027,0.523349,591,451,1034,1029
cnn+lstm+tcn+xgb,4,0.567063,0.412346,0.477484,0.529147,668,510,975,952
logreg+tcn+xgb,3,0.567046,0.399383,0.468671,0.527536,647,494,991,973
catboost+lstm+xgb+cnn_lstm,4,0.566981,0.370988,0.448507,0.523994,601,459,1026,1019
cnn+gru+logreg+lstm+tcn,5,0.566929,0.311111,0.401754,0.516586,504,385,1100,1116
cnn+gru+lgbm+logreg+tcn+cnn_lstm,6,0.566913,0.332099,0.41884,0.519163,538,411,1074,1082
cnn+lgbm+rf+xgb+cnn_lstm,5,0.566908,0.387037,0.460015,0.525926,627,479,1006,993
cnn+lgbm+logreg+rf+tcn+cnn_lstm,6,0.566856,0.491975,0.526768,0.538808,797,609,876,823
cnn+lgbm+lstm+rf+tcn,5,0.566832,0.424074,0.485169,0.530435,687,525,960,933
cnn+logreg+rf+tcn,4,0.566667,0.49321,0.527393,0.538808,799,611,874,821
cnn+logreg+lstm+rf,4,0.56659,0.454321,0.504282,0.533977,736,563,922,884
catboost+lstm+rf+tcn+cnn_lstm,5,0.566577,0.391358,0.462943,0.526248,634,485,1000,986
cnn+lgbm+rf+tcn+xgb+cnn_lstm,6,0.566577,0.391358,0.462943,0.526248,634,485,1000,986
catboost+cnn+lgbm+logreg+rf+xgb+cnn_lstm,7,0.566498,0.415432,0.479345,0.529147,673,515,970,947
catboost+cnn+logreg+rf+tcn,5,0.566429,0.489506,0.525166,0.538164,793,607,878,827
catboost+cnn+gru+logreg+lstm+tcn,6,0.566426,0.339506,0.424547,0.519807,550,421,1064,1070
catboost+cnn+lstm+tcn+xgb+cnn_lstm,6,0.566314,0.42963,0.488592,0.530757,696,533,952,924
catboost+cnn+lgbm+logreg+lstm+rf+tcn+cnn_lstm,8,0.566238,0.461728,0.508671,0.534622,748,573,912,872
cnn+lstm+xgb+cnn_lstm,4,0.566195,0.419753,0.482099,0.529469,680,521,964,940
catboost+cnn+lstm+rf,4,0.566129,0.433333,0.490909,0.531079,702,538,947,918
catboost+cnn+lstm+tcn+xgb,5,0.566054,0.417901,0.480824,0.529147,677,519,966,943
cnn+gru+logreg+tcn,4,0.565953,0.309877,0.400479,0.515942,502,385,1100,1118
catboost+cnn+lgbm+logreg+rf+tcn+xgb+cnn_lstm,8,0.565943,0.418519,0.481192,0.529147,678,520,965,942
catboost+cnn+lstm+xgb,4,0.565878,0.41358,0.477889,0.528502,670,514,971,950
catboost+cnn+lstm+rf+tcn,5,0.565842,0.437654,0.493561,0.531401,709,544,941,911
catboost+cnn+lgbm+logreg+lstm+xgb+cnn_lstm,7,0.565811,0.435185,0.491975,0.531079,705,541,944,915
catboost+cnn+lgbm+lstm+rf+cnn_lstm,6,0.5656,0.43642,0.492683,0.531079,707,543,942,913
cnn+logreg+lstm+rf+tcn,5,0.56558,0.460494,0.507656,0.533977,746,573,912,874
catboost+cnn+lgbm+rf,4,0.565561,0.441975,0.496188,0.531723,716,550,935,904
catboost+cnn+lgbm+tcn+xgb+cnn_lstm,6,0.565534,0.431481,0.489496,0.530435,699,537,948,921
catboost+lgbm+logreg+xgb+cnn_lstm,5,0.565517,0.404938,0.471942,0.527214,656,504,981,964
cnn+logreg+lstm+rf+cnn_lstm,5,0.565507,0.471605,0.514305,0.535266,764,587,898,856
catboost+cnn+lgbm+xgb+cnn_lstm,5,0.565466,0.426543,0.486277,0.529791,691,531,954,929
catboost+cnn+gru+logreg+lstm,5,0.565353,0.33642,0.421827,0.518841,545,419,1066,1075
catboost+lstm+rf+cnn_lstm,4,0.565336,0.384568,0.457752,0.524638,623,479,1006,997
cnn+lgbm+xgb,3,0.565292,0.406173,0.472701,0.527214,658,506,979,962
cnn+lgbm+tcn+xgb,4,0.565217,0.409259,0.474758,0.527536,663,510,975,957
catboost+cnn+logreg+lstm+rf,5,0.565184,0.454938,0.504104,0.533011,737,567,918,883
logreg+xgb+cnn_lstm,3,0.56518,0.40679,0.47308,0.527214,659,507,978,961
tcn+xgb+cnn_lstm,3,0.565177,0.374691,0.450631,0.523349,607,467,1018,1013
catboost+cnn+lgbm+logreg+lstm+rf+cnn_lstm,7,0.565118,0.458025,0.505967,0.533333,742,571,914,878
cnn+logreg+lstm+xgb+cnn_lstm,5,0.565012,0.442593,0.496366,0.531401,717,552,933,903
catboost+cnn+lgbm+xgb,4,0.564996,0.410494,0.475509,0.527536,665,512,973,955
cnn+lgbm+rf+cnn_lstm,4,0.564955,0.461728,0.508152,0.533655,748,576,909,872
catboost+cnn+lgbm+lstm+rf+tcn+cnn_lstm,7,0.564734,0.438889,0.493922,0.530757,711,548,937,909
cnn+lstm+rf+cnn_lstm,4,0.564679,0.45,0.500859,0.532045,729,562,923,891
catboost+cnn+lgbm+rf+cnn_lstm,5,0.564626,0.461111,0.507645,0.533333,747,576,909,873
cnn+logreg+lstm+rf+tcn+cnn_lstm,6,0.564611,0.474691,0.515761,0.534944,769,593,892,851
cnn+lstm+rf,3,0.564582,0.429012,0.487548,0.529469,695,536,949,925
cnn+lstm+rf+tcn+cnn_lstm,5,0.564516,0.453704,0.50308,0.532367,735,567,918,885
catboost+cnn+lgbm+logreg+lstm+tcn+xgb+cnn_lstm,8,0.56449,0.437654,0.493046,0.530435,709,547,938,911
cnn+logreg+xgb,3,0.564441,0.448765,0.5,0.531723,727,561,924,893
catboost+tcn+xgb+cnn_lstm,4,0.564356,0.387037,0.459172,0.524316,627,484,1001,993
catboost+cnn+lgbm+tcn+xgb,5,0.56434,0.414198,0.47775,0.527536,671,518,967,949
catboost+cnn+lgbm+logreg+xgb,5,0.564184,0.439506,0.494101,0.530435,712,550,935,908
catboost+cnn+lstm+rf+cnn_lstm,5,0.564103,0.448148,0.499484,0.531401,726,561,924,894
catboost+cnn+xgb,3,0.564103,0.420988,0.482149,0.52818,682,527,958,938
catboost+lgbm+logreg+tcn+xgb+cnn_lstm,6,0.564103,0.407407,0.473118,0.52657,660,510,975,960
catboost+xgb+cnn_lstm,3,0.564103,0.380247,0.454277,0.523349,616,476,1009,1004
catboost+xgb,2,0.564103,0.366667,0.444444,0.521739,594,459,1026,1026
lgbm+lstm+tcn+cnn_lstm,4,0.564081,0.412963,0.476835,0.527214,669,517,968,951
catboost+cnn+lgbm+rf+tcn,5,0.564063,0.445679,0.497931,0.531079,722,558,927,898
cnn+lgbm+rf+tcn+cnn_lstm,5,0.563988,0.467901,0.511471,0.533655,758,586,899,862
catboost+cnn+lgbm+rf+tcn+cnn_lstm,6,0.563949,0.465432,0.509976,0.533333,754,583,902,866
catboost+tcn+xgb,3,0.56379,0.370988,0.447506,0.522061,601,465,1020,1019
catboost+cnn+lstm+rf+tcn+cnn_lstm,6,0.563748,0.453086,0.502396,0.531723,734,568,917,886
catboost+cnn+logreg+lstm+xgb+cnn_lstm,6,0.563737,0.439506,0.49393,0.530113,712,551,934,908
catboost+cnn+logreg+lstm+rf+tcn,6,0.563636,0.459259,0.506122,0.532367,744,576,909,876
catboost+cnn+logreg+lstm+tcn+xgb+cnn_lstm,7,0.563579,0.44321,0.496199,0.530435,718,556,929,902
logreg+tcn+xgb+cnn_lstm,4,0.563559,0.410494,0.475,0.52657,665,515,970,955
catboost+cnn+rf+tcn,4,0.563528,0.465432,0.509804,0.533011,754,584,901,866
catboost+logreg+lstm,3,0.563504,0.476543,0.516388,0.5343,772,598,887,848
cnn+gru+lstm,3,0.563338,0.233333,0.329987,0.505636,378,293,1192,1242
cnn+logreg+lstm+tcn+xgb+cnn_lstm,6,0.563038,0.443827,0.496376,0.530113,719,558,927,901
catboost+cnn+lgbm+logreg+tcn+xgb,6,0.562794,0.442593,0.495508,0.529791,717,557,928,903
catboost+tcn,2,0.56275,0.52037,0.540731,0.538808,843,655,830,777
catboost+cnn+lgbm+logreg+rf+cnn_lstm,6,0.56268,0.482099,0.519282,0.5343,781,607,878,839
cnn+logreg+tcn+xgb,4,0.562548,0.452469,0.50154,0.530757,733,570,915,887
cnn+lstm+tcn+xgb+cnn_lstm,5,0.562397,0.42284,0.482734,0.527214,685,533,952,935
cnn+lgbm+rf,3,0.562349,0.431481,0.488299,0.52818,699,544,941,921
cnn+lgbm+xgb+cnn_lstm,4,0.562292,0.417901,0.479462,0.52657,677,527,958,943
cnn+lgbm+rf+tcn,4,0.562252,0.437654,0.49219,0.528824,709,552,933,911
cnn+gru+lstm+tcn,4,0.562225,0.237037,0.333478,0.505636,384,299,1186,1236
tcn+xgb,2,0.562194,0.354321,0.434684,0.519163,574,447,1038,1046
cnn+logreg+xgb+cnn_lstm,4,0.562082,0.466667,0.509949,0.532045,756,589,896,864
catboost+lstm,2,0.562055,0.438889,0.492894,0.528824,711,554,931,909
catboost+lgbm+lstm+cnn_lstm,4,0.561881,0.42037,0.480932,0.52657,681,531,954,939
catboost+cnn+lgbm+logreg+xgb+cnn_lstm,6,0.561875,0.451235,0.500514,0.530113,731,570,915,889
catboost+cnn+lgbm+logreg+rf+tcn+cnn_lstm,7,0.56183,0.485185,0.520702,0.533977,786,613,872,834
catboost+logreg+tcn+xgb,4,0.56175,0.404321,0.470208,0.524638,655,511,974,965
catboost+logreg+lstm+cnn_lstm,4,0.561702,0.488889,0.522772,0.5343,792,618,867,828
cnn+lgbm+logreg+tcn+xgb,5,0.561557,0.43642,0.491143,0.52818,707,552,933,913
catboost+logreg+lstm+tcn,4,0.561467,0.482099,0.518765,0.533333,781,610,875,839
catboost+logreg+lstm+tcn+cnn_lstm,5,0.561453,0.496296,0.526868,0.534944,804,628,857,816
catboost+cnn+gru,3,0.561429,0.242593,0.338793,0.505958,393,307,1178,1227
cnn+rf+tcn,3,0.561352,0.471605,0.51258,0.532045,764,597,888,856
catboost+cnn+gru+lstm+tcn+cnn_lstm,6,0.561321,0.293827,0.385737,0.511755,476,372,1113,1144
catboost+cnn+logreg+tcn+xgb,5,0.561295,0.449383,0.499143,0.529469,728,569,916,892
cnn+logreg+rf+tcn+cnn_lstm,5,0.561252,0.52037,0.540038,0.53752,843,659,826,777
catboost+cnn+logreg+rf+cnn_lstm,5,0.561141,0.509877,0.534282,0.536232,826,646,839,794
catboost+logreg,2,0.561111,0.561111,0.561111,0.542029,909,711,774,711
cnn+logreg+rf+cnn_lstm,4,0.561074,0.516049,0.537621,0.536876,836,654,831,784
cnn+lgbm+tcn+xgb+cnn_lstm,5,0.561016,0.42284,0.482225,0.526248,685,536,949,935
catboost+cnn+logreg+rf+tcn+cnn_lstm,6,0.560992,0.516667,0.537918,0.536876,837,655,830,783
catboost+lgbm+logreg,3,0.560958,0.491358,0.523857,0.533977,796,623,862,824
catboost+cnn+lgbm+logreg+tcn+xgb+cnn_lstm,7,0.560883,0.454938,0.502386,0.529791,737,577,908,883
catboost+cnn+tcn+xgb,4,0.560877,0.426543,0.484572,0.52657,691,541,944,929
cnn+rf,2,0.560866,0.46358,0.507604,0.530757,751,588,897,869
catboost+logreg+xgb,3,0.560724,0.401852,0.468177,0.523671,651,510,975,969
catboost+lgbm+lstm+tcn+cnn_lstm,5,0.56068,0.427778,0.485294,0.52657,693,543,942,927
logreg+lstm+tcn+cnn_lstm,4,0.560492,0.506173,0.531949,0.535266,820,643,842,800
lstm+tcn+cnn_lstm,3,0.560278,0.447531,0.497598,0.528502,725,569,916,895
logreg+lstm,2,0.560258,0.482099,0.518248,0.532367,781,613,872,839
lstm+tcn,2,0.560228,0.485185,0.520013,0.532689,786,617,868,834
catboost+cnn+gru+lstm+cnn_lstm,5,0.560146,0.284568,0.377405,0.510145,461,362,1123,1159
cnn+lgbm+logreg+xgb,4,0.56,0.432099,0.487805,0.52657,700,550,935,920
lgbm+tcn,2,0.56,0.380247,0.452941,0.520773,616,484,1001,1004
catboost+cnn+logreg+xgb,4,0.559969,0.443827,0.495179,0.527858,719,565,920,901
lstm+cnn_lstm,2,0.559809,0.433333,0.488518,0.52657,702,552,933,918
catboost+cnn+logreg+tcn+xgb+cnn_lstm,6,0.559735,0.468519,0.510081,0.530435,759,597,888,861
cnn+lgbm+logreg+xgb+cnn_lstm,5,0.559661,0.448765,0.498116,0.52818,727,572,913,893
catboost+cnn+logreg+xgb+cnn_lstm,5,0.559613,0.46358,0.50709,0.529791,751,591,894,869
catboost+lstm+tcn,3,0.559542,0.452469,0.500341,0.528502,733,577,908,887
catboost+lstm+cnn_lstm,3,0.559231,0.448765,0.497945,0.527858,727,573,912,893
catboost+lgbm+logreg+tcn,4,0.55917,0.498765,0.527243,0.533333,808,637,848,812
catboost+lstm+tcn+cnn_lstm,4,0.559156,0.458025,0.503563,0.528824,742,585,900,878
catboost+lgbm+logreg+tcn+cnn_lstm,5,0.558689,0.525926,0.541812,0.53591,852,673,812,768
catboost+lgbm+cnn_lstm,3,0.558672,0.467284,0.508908,0.529469,757,598,887,863
cnn+tcn+xgb,3,0.558655,0.42037,0.479746,0.524316,681,538,947,939
catboost+cnn+tcn+xgb+cnn_lstm,5,0.558573,0.444444,0.495015,0.526892,720,569,916,900
cnn+tcn+xgb+cnn_lstm,4,0.558502,0.441975,0.493453,0.52657,716,566,919,904
catboost+lgbm+logreg+cnn_lstm,4,0.558372,0.516667,0.53671,0.534622,837,662,823,783
cnn+xgb+cnn_lstm,3,0.55836,0.437037,0.490305,0.525926,708,560,925,912
catboost+cnn+gru+tcn,4,0.558172,0.248765,0.34415,0.505314,403,319,1166,1217
catboost+cnn+lgbm+logreg+lstm+cnn_lstm,6,0.557985,0.519753,0.538191,0.534622,842,667,818,778
catboost+cnn+lgbm+logreg+lstm,5,0.557782,0.515432,0.535772,0.533977,835,662,823,785
cnn+xgb,2,0.557676,0.414815,0.475752,0.523027,672,533,952,948
catboost+cnn+xgb+cnn_lstm,4,0.557557,0.439506,0.491543,0.525604,712,565,920,908
cnn+lgbm+logreg+lstm,4,0.557464,0.520988,0.538609,0.5343,844,670,815,776
catboost+logreg+tcn,3,0.557437,0.569136,0.563225,0.539452,922,732,753,698
lgbm+logreg,2,0.557423,0.491358,0.52231,0.531079,796,632,853,824
catboost+cnn+lgbm+logreg+lstm+tcn+cnn_lstm,7,0.557312,0.522222,0.539197,0.5343,846,672,813,774
cnn+gru+lgbm,3,0.557265,0.201235,0.295692,0.499839,326,259,1226,1294
catboost+cnn+logreg+lstm+tcn+cnn_lstm,6,0.556985,0.561111,0.559041,0.538164,909,723,762,711
cnn+lgbm+logreg+tcn+xgb+cnn_lstm,6,0.556914,0.45,0.497781,0.526248,729,580,905,891
catboost+cnn+lgbm+lstm,4,0.556882,0.489506,0.521025,0.530435,793,631,854,827
cnn+logreg+tcn+xgb+cnn_lstm,5,0.55686,0.468519,0.508884,0.52818,759,604,881,861
cnn+rf+cnn_lstm,3,0.556857,0.498765,0.526213,0.531401,808,643,842,812
logreg+lstm+tcn,3,0.55681,0.487037,0.519592,0.530113,789,628,857,831
cnn+rf+tcn+cnn_lstm,4,0.556764,0.505556,0.529926,0.532045,819,652,833,801
catboost+cnn+gru+logreg+cnn_lstm,5,0.556691,0.369753,0.444362,0.517552,599,477,1008,1021
logreg+lstm+cnn_lstm,3,0.55648,0.495679,0.524323,0.530757,803,640,845,817
cnn+gru+lstm+cnn_lstm,4,0.556452,0.255556,0.350254,0.505314,414,330,1155,1206
catboost+cnn+logreg+lstm+cnn_lstm,5,0.556382,0.554321,0.555349,0.536876,898,716,769,722
catboost+cnn+logreg+lstm,4,0.556316,0.551852,0.554075,0.536554,894,713,772,726
catboost+cnn+logreg+lstm+tcn,5,0.556104,0.55679,0.556447,0.536876,902,720,765,718
catboost+cnn+rf+tcn+cnn_lstm,5,0.555707,0.501852,0.527408,0.530757,813,650,835,807
catboost+cnn+lgbm+logreg+lstm+tcn,6,0.555703,0.517284,0.535806,0.532367,838,670,815,782
cnn+lgbm+logreg+lstm+tcn,5,0.555628,0.52716,0.54102,0.533333,854,683,802,766
catboost+cnn+gru+logreg+tcn+cnn_lstm,6,0.555556,0.373457,0.446659,0.51723,605,484,1001,1015
lgbm+logreg+tcn,3,0.555252,0.502469,0.527544,0.530435,814,652,833,806
catboost+lgbm+tcn+cnn_lstm,4,0.555237,0.477778,0.513603,0.527858,774,620,865,846
catboost+logreg+tcn+cnn_lstm,4,0.554728,0.597531,0.575334,0.539775,968,777,708,652
lgbm+logreg+cnn_lstm,3,0.554682,0.52284,0.53829,0.532045,847,680,805,773
lgbm+logreg+tcn+cnn_lstm,4,0.554487,0.533951,0.544025,0.533011,865,695,790,755
cnn+logreg+lstm,3,0.554407,0.562963,0.558652,0.53591,912,733,752,708
catboost+cnn+rf+cnn_lstm,4,0.554393,0.490741,0.520629,0.528502,795,639,846,825
cnn+gru+lstm+tcn+cnn_lstm,5,0.554391,0.261111,0.355015,0.504992,423,340,1145,1197
catboost+logreg+cnn_lstm,3,0.554386,0.585185,0.569369,0.538164,948,762,723,672
cnn+gru+lgbm+tcn,4,0.554276,0.208025,0.302513,0.499517,337,271,1214,1283
catboost+cnn+lgbm+lstm+tcn,5,0.554258,0.498148,0.524707,0.529147,807,649,836,813
cnn+logreg+lstm+tcn,4,0.553679,0.566667,0.560098,0.535588,918,740,745,702
cnn+lgbm+lstm,3,0.553116,0.482099,0.515172,0.52657,781,631,854,839
catboost+cnn+lgbm+lstm+cnn_lstm,5,0.552941,0.49321,0.52137,0.527536,799,646,839,821
cnn+lgbm+logreg+lstm+cnn_lstm,5,0.552649,0.521605,0.536678,0.530113,845,684,801,775
cnn+logreg+lstm+cnn_lstm,4,0.552121,0.562346,0.557187,0.533655,911,739,746,709
catboost+cnn+lgbm+lstm+tcn+cnn_lstm,6,0.551913,0.498765,0.523995,0.527214,808,656,829,812
cnn+lgbm+logreg+lstm+tcn+cnn_lstm,6,0.551257,0.527778,0.539262,0.529469,855,696,789,765
cnn+logreg+lstm+tcn+cnn_lstm,5,0.551106,0.569136,0.559976,0.533333,922,751,734,698
gru+lgbm+tcn+cnn_lstm,4,0.55102,0.083333,0.144772,0.486312,135,110,1375,1485
cnn+lgbm+lstm+cnn_lstm,4,0.550992,0.480247,0.513193,0.524638,778,634,851,842
cnn+lgbm+lstm+tcn,4,0.550836,0.488272,0.51767,0.525282,791,645,840,829
cnn+gru+logreg+tcn+cnn_lstm,5,0.550627,0.352469,0.429808,0.512077,571,466,1019,1049
gru+lgbm+cnn_lstm,3,0.549356,0.079012,0.138154,0.485668,128,105,1380,1492
logreg+tcn,2,0.549311,0.615432,0.580495,0.53591,997,818,667,623
cnn+lgbm+lstm+tcn+cnn_lstm,5,0.549197,0.485802,0.515558,0.523671,787,646,839,833
cnn+gru+logreg+cnn_lstm,4,0.548865,0.34321,0.422332,0.510145,556,457,1028,1064
lgbm+tcn+cnn_lstm,3,0.547518,0.476543,0.509571,0.521417,772,638,847,848
lgbm+cnn_lstm,2,0.546392,0.458025,0.498321,0.518841,742,616,869,878
catboost+cnn+lgbm+logreg+tcn,5,0.546275,0.597531,0.570755,0.531079,968,804,681,652
cnn+lstm,2,0.546213,0.525309,0.535557,0.524638,851,707,778,769
catboost+cnn+lgbm+logreg,4,0.546185,0.587654,0.566161,0.530113,952,791,694,668
catboost+cnn+lstm+cnn_lstm,4,0.54609,0.530247,0.538052,0.52496,859,714,771,761
catboost+cnn+lstm,3,0.54557,0.528395,0.536845,0.524316,856,713,772,764
catboost+cnn+lstm+tcn+cnn_lstm,5,0.545569,0.535802,0.540642,0.52496,868,723,762,752
catboost+cnn+gru+cnn_lstm,4,0.545249,0.297531,0.384984,0.504026,482,402,1083,1138
catboost+cnn+lgbm+logreg+cnn_lstm,5,0.544183,0.600617,0.571009,0.529147,973,815,670,647
catboost+cnn+lstm+tcn,4,0.544081,0.533333,0.538653,0.523349,864,724,761,756
catboost+cnn+lgbm+logreg+tcn+cnn_lstm,6,0.544044,0.606173,0.573431,0.529469,982,823,662,638
cnn+gru+lgbm+cnn_lstm,4,0.543883,0.252469,0.344857,0.499517,409,343,1142,1211
logreg+cnn_lstm,2,0.543803,0.628395,0.583047,0.531079,1018,854,631,602
cnn+lstm+tcn+cnn_lstm,4,0.543714,0.525926,0.534672,0.522383,852,715,770,768
cnn+lstm+cnn_lstm,3,0.543394,0.517901,0.530341,0.521417,839,705,780,781
cnn+lgbm+logreg+cnn_lstm,4,0.542071,0.62037,0.578584,0.528502,1005,849,636,615
catboost+cnn+logreg+tcn+cnn_lstm,5,0.542025,0.700617,0.611201,0.534944,1135,959,526,485
cnn+lstm+tcn,3,0.541903,0.530864,0.536327,0.521095,860,727,758,760
catboost+cnn+logreg+cnn_lstm,4,0.541767,0.692593,0.607965,0.533977,1122,949,536,498
logreg+tcn+cnn_lstm,3,0.541537,0.643827,0.588268,0.529791,1043,883,602,577
catboost+cnn+lgbm+tcn,4,0.541524,0.587654,0.563647,0.525282,952,806,679,668
catboost+cnn+logreg,3,0.541483,0.680864,0.603227,0.532689,1103,934,551,517
cnn+logreg,2,0.541401,0.734568,0.623363,0.536876,1190,1008,477,430
cnn+logreg+tcn,3,0.541071,0.748148,0.627979,0.53752,1212,1028,457,408
catboost+cnn+logreg+tcn,4,0.540881,0.690123,0.606455,0.532689,1118,949,536,502
cnn+gru,2,0.540752,0.212963,0.30558,0.495008,345,293,1192,1275
cnn+lgbm+logreg+tcn+cnn_lstm,5,0.54034,0.628395,0.58105,0.527214,1018,866,619,602
cnn+logreg+cnn_lstm,3,0.540319,0.732099,0.621756,0.535266,1186,1009,476,434
catboost+cnn+gru+tcn+cnn_lstm,5,0.540305,0.306173,0.390859,0.502093,496,422,1063,1124
catboost+cnn+lgbm,3,0.540243,0.575926,0.557514,0.523027,933,794,691,687
catboost+cnn_lstm,2,0.539638,0.588272,0.562906,0.523349,953,813,672,667
cnn+lgbm+logreg,3,0.539387,0.608642,0.571926,0.524638,986,842,643,634
cnn+logreg+tcn+cnn_lstm,4,0.539189,0.738889,0.623437,0.5343,1197,1023,462,423
cnn+gru+lgbm+tcn+cnn_lstm,5,0.53886,0.25679,0.347826,0.497585,416,356,1129,1204
cnn+lgbm+logreg+tcn,4,0.536193,0.617284,0.573888,0.521739,1000,865,620,620
cnn+lgbm+tcn+cnn_lstm,4,0.536193,0.617284,0.573888,0.521739,1000,865,620,620
cnn+gru+tcn,3,0.536145,0.219753,0.311734,0.49372,356,308,1177,1264
cnn+lgbm+cnn_lstm,3,0.536026,0.606173,0.568946,0.520773,982,850,635,638
catboost+tcn+cnn_lstm,3,0.535442,0.606173,0.568616,0.520129,982,852,633,638
catboost+cnn+cnn_lstm,3,0.53387,0.695679,0.604128,0.524316,1127,984,501,493
cnn+gru+tcn+cnn_lstm,4,0.533019,0.279012,0.366288,0.496296,452,396,1089,1168
tcn+cnn_lstm,2,0.532048,0.630247,0.576999,0.517874,1021,898,587,599
catboost+cnn+tcn+cnn_lstm,4,0.531498,0.703086,0.605368,0.521739,1139,1004,481,481
catboost+cnn+tcn,3,0.531122,0.721605,0.611882,0.522383,1169,1032,453,451
catboost+cnn+lgbm+tcn+cnn_lstm,5,0.531095,0.595679,0.561536,0.514654,965,852,633,655
cnn+gru+cnn_lstm,3,0.530686,0.272222,0.359853,0.494686,441,390,1095,1179
catboost+cnn,2,0.530631,0.711111,0.607755,0.521095,1152,1019,466,468
cnn+lgbm,2,0.530556,0.589506,0.55848,0.513688,955,845,640,665
catboost+cnn+lgbm+cnn_lstm,4,0.530498,0.585185,0.556501,0.513366,948,839,646,672
cnn+lgbm+tcn,3,0.530468,0.601852,0.56391,0.514332,975,863,622,645
cnn+tcn+cnn_lstm,3,0.528982,0.715432,0.608239,0.519163,1159,1032,453,461
cnn+cnn_lstm,2,0.528837,0.701852,0.603183,0.518196,1137,1013,472,483
gru+cnn_lstm,2,0.526946,0.054321,0.098489,0.481159,88,79,1406,1532
cnn+tcn,2,0.524147,0.730247,0.610266,0.513366,1183,1074,411,437
gru+tcn+cnn_lstm,3,0.516667,0.057407,0.103333,0.480193,93,87,1398,1527
